Nr. Pomiaru,Data,Ciężar ładunku [T],Długość wysięgnika [m],Odległość od osi [m],Wysokość podnoszenia [m],"Maksymalne, chwilowe zużycie ON [l/h]",Dzienne zużycie ON [l/8h],Cena hurtowa ON 1000l [PLN],"Maksymalne, chwilowe zużycie energii elektrycznej [kW]",Dzienne zużycie energii elektrycznej [kW/8h],Cena energii elektrycznej [kWh],Koszt dzienny [PLN],Prędkość wiatru [km/h],Prędkość wiatru [m/s],Temperatura [C],Ciśnienie [hPa]
1,11/4/2019,5,13.2,2,8,15,48,,,,,,10.25,2.85,10.25,995
2,11/4/2019,8,13.2,2,8,15,48,,,,,,10.25,2.85,10.25,995
3,11/4/2019,15,13.2,2,8,15,48,,,,,,10.25,2.85,10.25,995
4,11/5/2019,5,13.2,1,10,14.9,47.2,4241,,,,200.1752,7,1.94,8,999.5
5,11/5/2019,8,13.2,1,10,14.9,47.2,4241,,,,200.1752,7,1.94,8,999.5
6,11/5/2019,15,13.2,1,10,14.9,47.2,4241,,,,200.1752,7,1.94,8,999.5
7,11/6/2019,5,17.7,3,9,15.1,48,4244,,,,203.712,13.66,3.79,6.75,1004.25
8,11/6/2019,8,17.7,3,9,15.1,48,4244,,,,203.712,13.66,3.79,6.75,1004.25
9,11/6/2019,15,17.7,3,9,15.1,48,4244,,,,203.712,13.66,3.79,6.75,1004.25
10,11/7/2019,5,17.7,8,11,15.2,48.8,4245,,,,207.156,6.5,1.81,6,1008.5
11,11/7/2019,8,17.7,8,11,15.2,48.8,4245,,,,207.156,6.5,1.81,6,1008.5
12,11/7/2019,15,17.7,8,11,15.2,48.8,4245,,,,207.156,6.5,1.81,6,1008.5
13,11/8/2019,5,22.2,10,8,14.9,48,4243,,,,203.664,10.5,2.92,4.75,1009.5
14,11/8/2019,8,22.2,10,8,14.9,48,4243,,,,203.664,10.5,2.92,4.75,1009.5
15,11/8/2019,15,22.2,10,8,14.9,48,4243,,,,203.664,10.5,2.92,4.75,1009.5
16,11/12/2019,5,22.2,9,12,14.9,47.2,,,,,,10.5,2.92,7.75,1005
17,11/12/2019,8,22.2,9,12,14.9,47.2,,,,,,10.5,2.92,7.75,1005
18,11/12/2019,15,22.2,9,12,14.9,47.2,,,,,,10.5,2.92,7.75,1005
19,11/13/2019,5,26.7,5,10,15.1,48.8,4254,,,,207.5952,16.75,4.65,8.75,1002.75
20,11/13/2019,8,26.7,5,10,15.1,48.8,4254,,,,207.5952,16.75,4.65,8.75,1002.75
21,11/13/2019,15,26.7,5,10,15.1,48.8,4254,,,,207.5952,16.75,4.65,8.75,1002.75
22,11/14/2019,5,26.7,4,20,15,48,4254,,,,204.192,10.5,2.92,5.5,1013.5
23,11/14/2019,8,26.7,4,20,15,48,4254,,,,204.192,10.5,2.92,5.5,1013.5
24,11/14/2019,15,26.7,4,20,15,48,4254,,,,204.192,10.5,2.92,5.5,1013.5
25,11/15/2019,5,31.3,3,16,14.9,47.2,4286,,,,202.2992,11,3.06,8,1011.5
26,11/15/2019,8,31.3,3,16,14.9,47.2,4286,,,,202.2992,11,3.06,8,1011.5
27,11/15/2019,15,31.3,3,16,14.9,47.2,4286,,,,202.2992,11,3.06,8,1011.5
28,11/18/2019,5,31.3,2,24,15.1,48.8,,,,,,12,3.33,8,1013.75
29,11/18/2019,8,31.3,2,24,15.1,48.8,,,,,,12,3.33,8,1013.75
30,11/18/2019,15,31.3,2,24,15.1,48.8,,,,,,12,3.33,8,1013.75
31,11/19/2019,5,35.8,5,12,15,48,4284,,,,205.632,8.5,2.36,5.5,1020.75
32,11/19/2019,8,35.8,5,12,15,48,4284,,,,205.632,8.5,2.36,5.5,1020.75
33,11/19/2019,15,35.8,5,12,15,48,4284,,,,205.632,8.5,2.36,5.5,1020.75
34,11/20/2019,5,35.8,4,20,14.9,47.2,4272,,,,201.6384,13.75,3.82,5.75,1016.75
35,11/20/2019,8,35.8,4,20,14.9,47.2,4272,,,,201.6384,13.75,3.82,5.75,1016.75
36,11/20/2019,15,35.8,4,20,14.9,47.2,4272,,,,201.6384,13.75,3.82,5.75,1016.75
37,11/21/2019,5,35.8,2,24,14.8,47.2,4269,,,,201.4968,14.75,4.1,8.5,1014.5
38,11/21/2019,8,35.8,2,24,14.8,47.2,4269,,,,201.4968,14.75,4.1,8.5,1014.5
39,11/21/2019,15,35.8,2,24,14.8,47.2,4269,,,,201.4968,14.75,4.1,8.5,1014.5
40,11/22/2019,5,40.3,2,16,15,48,4268,,,,204.864,18.5,5.14,4.5,1016.75
41,11/22/2019,8,40.3,2,16,15,48,4268,,,,204.864,18.5,5.14,4.5,1016.75
42,11/22/2019,15,40.3,2,16,15,48,4268,,,,204.864,18.5,5.14,4.5,1016.75
43,11/25/2019,5,40.3,3,18,15.1,48.8,,,,,,11,3.06,2.5,1013.75
44,11/25/2019,8,40.3,3,18,15.1,48.8,,,,,,11,3.06,2.5,1013.75
45,11/25/2019,15,40.3,3,18,15.1,48.8,,,,,,11,3.06,2.5,1013.75
46,11/26/2019,1,40.3,2,22,15,48,4297,,,,206.256,9,2.5,2.5,1012
47,11/26/2019,5,40.3,2,22,15,48,4297,,,,206.256,9,2.5,2.5,1012
48,11/26/2019,8,40.3,2,22,15,48,4297,,,,206.256,9,2.5,2.5,1012
49,11/27/2019,5,44.8,3,20,15,48,4320,,,,207.36,8.25,2.29,3.25,1003.5
50,11/27/2019,8,44.8,3,20,15,48,4320,,,,207.36,8.25,2.29,3.25,1003.5
51,11/27/2019,10,44.8,3,20,15,48,4320,,,,207.36,8.25,2.29,3.25,1003.5
52,11/28/2019,1,44.8,4,32,15.2,48.8,4320,,,,210.816,7,1.94,4.75,1000.25
53,11/28/2019,5,44.8,4,32,15.2,48.8,4320,,,,210.816,7,1.94,4.75,1000.25
54,11/28/2019,8,44.8,4,32,15.2,48.8,4320,,,,210.816,7,1.94,4.75,1000.25
55,11/29/2019,5,49.3,5,33,14.9,47.2,4328,,,,204.2816,18.75,5.21,6,1005
56,11/29/2019,8,49.3,5,26,14.9,47.2,4328,,,,204.2816,18.75,5.21,6,1005
57,11/29/2019,10,49.3,5,28,14.9,47.2,4328,,,,204.2816,18.75,5.21,6,1005
58,12/2/2019,5,49.3,6,34,15.1,48.8,,,,,,15.75,4.38,0.5,1019.25
59,12/2/2019,8,49.3,6,32,15.1,48.8,,,,,,15.75,4.38,0.5,1019.25
60,12/2/2019,10,49.3,6,30,15.1,48.8,,,,,,15.75,4.38,0.5,1019.25
61,12/3/2019,1,49.3,5,34,15,48,4310,,,,206.88,12,3.33,-1.5,1027.25
62,12/3/2019,5,49.3,5,34,15,48,4310,,,,206.88,12,3.33,-1.5,1027.25
63,12/3/2019,8,49.3,5,34,15,48,4310,,,,206.88,12,3.33,-1.5,1027.25
64,12/4/2019,1,49.3,3,36,15.1,48.8,4294,,,,209.5472,7.75,2.15,-1.5,1027.75
65,12/4/2019,5,49.3,3,36,15.1,48.8,4294,,,,209.5472,7.75,2.15,-1.5,1027.75
66,12/4/2019,8,49.3,3,36,15.1,48.8,4294,,,,209.5472,7.75,2.15,-1.5,1027.75
67,12/5/2019,5,53.8,16,16,14.8,47.2,4295,,,,202.724,7,1.94,2.25,1024.25
68,12/5/2019,8,53.8,16,16,14.8,47.2,4295,,,,202.724,7,1.94,2.25,1024.25
69,12/5/2019,10,53.8,16,16,14.8,47.2,4295,,,,202.724,7,1.94,2.25,1024.25
70,12/6/2019,1,53.8,3,18,15,48,4302,,,,206.496,9.75,2.71,-1.5,1017.5
71,12/6/2019,5,53.8,3,18,15,48,4302,,,,206.496,9.75,2.71,-1.5,1017.5
72,12/6/2019,8,53.8,3,18,15,48,4302,,,,206.496,9.75,2.71,-1.5,1017.5
73,12/9/2019,1,53.8,11,48,14.9,47.2,,,,,,8.5,2.36,5.25,1007
74,12/9/2019,3,53.8,11,48,14.9,47.2,,,,,,8.5,2.36,5.25,1007
75,12/9/2019,5,53.8,11,48,14.9,47.2,,,,,,8.5,2.36,5.25,1007
76,12/10/2019,3,58.3,20,11,15.1,48.8,4324,,,,211.0112,16.5,4.58,2.25,1021
77,12/10/2019,8,58.3,20,11,15.1,48.8,4324,,,,211.0112,16.5,4.58,2.25,1021
78,12/10/2019,10,58.3,20,11,15.1,48.8,4324,,,,211.0112,16.5,4.58,2.25,1021
79,12/11/2019,1,58.3,12,34,15,48,4340,,,,208.32,9.75,2.71,-3,1017.5
80,12/11/2019,5,58.3,12,30,15,48,4340,,,,208.32,9.75,2.71,-3,1017.5
81,12/11/2019,8,58.3,12,28,15,48,4340,,,,208.32,9.75,2.71,-3,1017.5
82,12/12/2019,1,58.3,3,38,14.9,47.2,4322,,,,203.9984,5,1.39,-0.25,1006
83,12/12/2019,1,58.3,3,46,14.9,47.2,4322,,,,203.9984,5,1.39,-0.25,1006
84,12/12/2019,1,58.3,3,50,14.9,47.2,4322,,,,203.9984,5,1.39,-0.25,1006
85,12/13/2019,5,62.8,5,30,15,48,4308,,,,206.784,9.5,2.64,3.5,992.5
86,12/13/2019,8,62.8,5,25,15,48,4308,,,,206.784,9.5,2.64,3.5,992.5
87,12/13/2019,10,62.8,5,20,15,48,4308,,,,206.784,9.5,2.64,3.5,992.5
88,12/16/2019,1,62.8,5,27,15.2,48.8,,,,,,6.5,1.81,5,1010
89,12/16/2019,5,62.8,5,27,15.2,48.8,,,,,,6.5,1.81,5,1010
90,12/16/2019,8,62.8,5,27,15.2,48.8,,,,,,6.5,1.81,5,1010
91,12/17/2019,1,62.8,3,30,14.9,47.2,4330,,,,204.376,6,1.67,3.25,1012.75
92,12/17/2019,3,62.8,3,32,14.9,47.2,4330,,,,204.376,6,1.67,3.25,1012.75
93,12/17/2019,5,62.8,3,36,14.9,47.2,4330,,,,204.376,6,1.67,3.25,1012.75
94,12/18/2019,1,62.8,4,40,14.8,46.4,4349,,,,201.7936,6,1.67,7,1020
95,12/18/2019,1,62.8,4,42,14.8,46.4,4349,,,,201.7936,6,1.67,7,1020
96,12/18/2019,1,62.8,4,46,14.8,46.4,4349,,,,201.7936,6,1.67,7,1020
97,12/19/2019,1,67.3,12,16,15,48,4377,,,,210.096,10,2.78,2.5,1020.75
98,12/19/2019,3,67.3,12,18,15,48,4377,,,,210.096,10,2.78,2.5,1020.75
99,12/19/2019,5,67.3,12,20,15,48,4377,,,,210.096,10,2.78,2.5,1020.75
100,12/20/2019,1,67.3,3,22,15.1,48.8,4398,,,,214.6224,10.5,2.92,10,1003.5
101,12/20/2019,5,67.3,3,24,15.1,48.8,4398,,,,214.6224,10.5,2.92,10,1003.5
102,12/20/2019,5,67.3,3,28,15.1,48.8,4398,,,,214.6224,10.5,2.92,10,1003.5
103,12/23/2019,1,67.3,2,38,14.8,46.4,,,,,,15,4.17,5.5,1000
104,12/23/2019,1,67.3,4,48,14.8,46.4,,,,,,15,4.17,5.5,1000
105,12/23/2019,1,67.3,6,52,14.8,46.4,,,,,,15,4.17,5.5,1000
106,12/24/2019,1,72,8,16,15.2,49.6,4421,,,,219.2816,15,4.17,4.5,1010.5
107,12/24/2019,3,72,8,16,15.2,49.6,4421,,,,219.2816,15,4.17,4.5,1010.5
108,12/24/2019,5,72,8,16,15.2,49.6,4421,,,,219.2816,15,4.17,4.5,1010.5
109,12/27/2019,1,72,11,20,15.1,48.8,,,,,,15.75,4.38,1.5,1025
110,12/27/2019,1,72,15,25,15.1,48.8,,,,,,15.75,4.38,1.5,1025
111,12/27/2019,1,72,17,30,15.1,48.8,,,,,,15.75,4.38,1.5,1025
112,12/30/2019,1,72,8,35,15,48,,,,,,21.5,5.97,3.75,1026
113,12/30/2019,1,72,9,37,15,48,,,,,,21.5,5.97,3.75,1026
114,12/30/2019,1,72,10,38,15,48,,,,,,21.5,5.97,3.75,1026
115,12/31/2019,1,72,5,40,14.9,47.2,4449,,,,209.9928,24.75,6.88,3,1025.75
116,12/31/2019,1,72,5,45,14.9,47.2,4449,,,,209.9928,24.75,6.88,3,1025.75
117,12/31/2019,1,72,5,50,14.9,47.2,4449,,,,209.9928,24.75,6.88,3,1025.75
118,1/3/2022,5,13.2,2,3,,,,39.6,79.2,0.4843,38.35656,34,9.44,8.5,1009.5
119,1/3/2022,8,13.2,2,3,,,,39.6,79.2,0.4843,38.35656,34,9.44,8.5,1009.5
120,1/3/2022,15,13.2,1,3,,,,39.6,79.2,0.4843,38.35656,34,9.44,8.5,1009.5
121,1/4/2022,5,13.2,1,10,,,,39.8,80,0.4843,38.744,37.5,10.42,8.5,1000.25
122,1/4/2022,8,13.2,1,10,,,,39.8,80,0.4843,38.744,37.5,10.42,8.5,1000.25
123,1/4/2022,15,13.2,3,10,,,,39.8,80,0.4843,38.744,37.5,10.42,8.5,1000.25
124,1/5/2022,5,17.7,3,4,,,,39.7,79.2,0.4843,38.35656,24.25,6.74,4,1000.5
125,1/5/2022,8,17.7,3,4,,,,39.7,79.2,0.4843,38.35656,24.25,6.74,4,1000.5
126,1/5/2022,15,17.7,8,4,,,,39.7,79.2,0.4843,38.35656,24.25,6.74,4,1000.5
127,1/7/2022,5,17.7,8,14,,,,39.6,79.2,0.4843,38.35656,14.25,3.96,0,1021.5
128,1/7/2022,8,17.7,8,14,,,,39.6,79.2,0.4843,38.35656,14.25,3.96,0,1021.5
129,1/7/2022,15,17.7,10,14,,,,39.6,79.2,0.4843,38.35656,14.25,3.96,0,1021.5
130,1/10/2022,5,22.2,10,4,,,,39.6,79.2,0.4843,38.35656,14.75,4.1,-2,1020.5
131,1/10/2022,8,22.2,10,4,,,,39.6,79.2,0.4843,38.35656,14.75,4.1,-2,1020.5
132,1/10/2022,15,22.2,9,4,,,,39.6,79.2,0.4843,38.35656,14.75,4.1,-2,1020.5
133,1/11/2022,5,22.2,9,19,,,,39.8,79.2,0.4843,38.35656,10.25,2.85,-3.5,1034
134,1/11/2022,8,22.2,9,19,,,,39.8,79.2,0.4843,38.35656,10.25,2.85,-3.5,1034
135,1/11/2022,15,22.2,5,19,,,,39.8,79.2,0.4843,38.35656,10.25,2.85,-3.5,1034
136,1/12/2022,5,26.7,5,4,,,,39.6,79.2,0.4843,38.35656,11.25,3.13,-4,1036.25
137,1/12/2022,8,26.7,5,4,,,,39.6,79.2,0.4843,38.35656,11.25,3.13,-4,1036.25
138,1/12/2022,15,26.7,4,4,,,,39.6,79.2,0.4843,38.35656,11.25,3.13,-4,1036.25
139,1/13/2022,5,26.7,4,24,,,,40,80.1,0.4843,38.79243,26.5,7.36,1,1033.25
140,1/13/2022,8,26.7,4,24,,,,40,80.1,0.4843,38.79243,26.5,7.36,1,1033.25
141,1/13/2022,15,26.7,3,24,,,,40,80.1,0.4843,38.79243,26.5,7.36,1,1033.25
142,1/14/2022,5,31.3,3,5,,,,40,80.1,0.4843,38.79243,33.25,9.24,3,1024.5
143,1/14/2022,8,31.3,3,5,,,,40,80.1,0.4843,38.79243,33.25,9.24,3,1024.5
144,1/14/2022,15,31.3,2,5,,,,40,80.1,0.4843,38.79243,33.25,9.24,3,1024.5
145,1/17/2022,5,31.3,2,28,,,,39.9,80,0.4843,38.744,38.5,10.69,0.5,1012.25
146,1/17/2022,8,31.3,2,28,,,,39.9,80,0.4843,38.744,38.5,10.69,0.5,1012.25
147,1/17/2022,15,31.3,5,28,,,,39.9,80,0.4843,38.744,38.5,10.69,0.5,1012.25
148,1/18/2022,5,35.8,5,5,,,,39.9,80,0.4843,38.744,22.5,6.25,-1,1032.5
149,1/18/2022,8,35.8,5,5,,,,39.9,80,0.4843,38.744,22.5,6.25,-1,1032.5
150,1/18/2022,15,35.8,4,5,,,,39.9,80,0.4843,38.744,22.5,6.25,-1,1032.5
151,1/19/2022,5,35.8,4,24,,,,39.8,79.2,0.4843,38.35656,14.25,3.96,-1,1026.75
152,1/19/2022,8,35.8,4,24,,,,39.8,79.2,0.4843,38.35656,14.25,3.96,-1,1026.75
153,1/19/2022,15,35.8,2,24,,,,39.8,79.2,0.4843,38.35656,14.25,3.96,-1,1026.75
154,1/20/2022,5,35.8,2,32,,,,39.8,79.2,0.4843,38.35656,33.25,9.24,0,1011
155,1/20/2022,8,35.8,2,32,,,,39.8,79.2,0.4843,38.35656,33.25,9.24,0,1011
156,1/20/2022,15,35.8,2,32,,,,39.8,79.2,0.4843,38.35656,33.25,9.24,0,1011
157,1/21/2022,5,40.3,2,7,,,,39.7,79.2,0.4843,38.35656,27.25,7.57,-2.5,1019.25
158,1/21/2022,8,40.3,2,7,,,,39.7,79.2,0.4843,38.35656,27.25,7.57,-2.5,1019.25
159,1/21/2022,15,40.3,3,7,,,,39.7,79.2,0.4843,38.35656,27.25,7.57,-2.5,1019.25
160,1/24/2022,5,40.3,3,22,,,,39.6,79.2,0.4843,38.35656,6.25,1.74,-6,1034.5
161,1/24/2022,8,40.3,3,22,,,,39.6,79.2,0.4843,38.35656,6.25,1.74,-6,1034.5
162,1/24/2022,15,40.3,2,22,,,,39.6,79.2,0.4843,38.35656,6.25,1.74,-6,1034.5
163,1/25/2022,1,40.3,2,36,,,,39.8,80,0.4843,38.744,18.75,5.21,-0.5,1029.25
164,1/25/2022,5,40.3,2,36,,,,39.8,80,0.4843,38.744,18.75,5.21,-0.5,1029.25
165,1/25/2022,8,40.3,3,36,,,,39.8,80,0.4843,38.744,18.75,5.21,-0.5,1029.25
166,1/26/2022,5,44.8,3,7,,,,39.7,79.2,0.4843,38.35656,20.75,5.76,1,1026.25
167,1/26/2022,8,44.8,3,7,,,,39.7,79.2,0.4843,38.35656,20.75,5.76,1,1026.25
168,1/26/2022,10,44.8,4,7,,,,39.7,79.2,0.4843,38.35656,20.75,5.76,1,1026.25
169,1/27/2022,1,44.8,4,40,,,,39.6,79.2,0.4843,38.35656,25,6.94,0.5,1018.5
170,1/27/2022,5,44.8,4,40,,,,39.6,79.2,0.4843,38.35656,25,6.94,0.5,1018.5
171,1/27/2022,8,44.8,5,40,,,,39.6,79.2,0.4843,38.35656,25,6.94,0.5,1018.5
172,1/28/2022,5,49.3,5,9,,,,39.6,79.2,0.4843,38.35656,32.75,9.1,0.5,1016
173,1/28/2022,8,49.3,5,9,,,,39.6,79.2,0.4843,38.35656,32.75,9.1,0.5,1016
174,1/28/2022,10,49.3,6,9,,,,39.6,79.2,0.4843,38.35656,32.75,9.1,0.5,1016
175,1/31/2022,5,49.3,6,24,,,,39.8,79.2,0.4843,38.35656,27.75,7.71,1,1006
176,1/31/2022,8,49.3,6,24,,,,39.8,79.2,0.4843,38.35656,27.75,7.71,1,1006
177,1/31/2022,10,49.3,5,24,,,,39.8,79.2,0.4843,38.35656,27.75,7.71,1,1006
178,2/1/2022,1,49.3,5,42,,,,39.6,79.2,0.4843,38.35656,22.75,6.32,-0.5,1011
179,2/1/2022,5,49.3,5,42,,,,39.6,79.2,0.4843,38.35656,22.75,6.32,-0.5,1011
180,2/1/2022,8,49.3,3,42,,,,39.6,79.2,0.4843,38.35656,22.75,6.32,-0.5,1011
181,2/2/2022,1,49.3,3,46,,,,40,80.1,0.4843,38.79243,27.75,7.71,0.5,1003.5
182,2/2/2022,5,49.3,3,46,,,,40,80.1,0.4843,38.79243,27.75,7.71,0.5,1003.5
183,2/2/2022,8,49.3,16,46,,,,40,80.1,0.4843,38.79243,27.75,7.71,0.5,1003.5
184,2/3/2022,5,53.8,16,10,,,,39.6,79.2,0.4843,38.35656,14.25,3.96,-0.5,1022.25
185,2/3/2022,8,53.8,16,10,,,,39.6,79.2,0.4843,38.35656,14.25,3.96,-0.5,1022.25
186,2/3/2022,10,53.8,3,10,,,,39.6,79.2,0.4843,38.35656,14.25,3.96,-0.5,1022.25
187,2/4/2022,1,53.8,3,38,,,,39.9,80,0.4843,38.744,14,3.89,2.5,1014.5
188,2/4/2022,5,53.8,3,38,,,,39.9,80,0.4843,38.744,14,3.89,2.5,1014.5
189,2/4/2022,8,53.8,11,38,,,,39.9,80,0.4843,38.744,14,3.89,2.5,1014.5
190,2/7/2022,1,53.8,11,48,,,,39.6,79.2,0.4843,38.35656,35.5,9.86,2.5,1006.25
191,2/7/2022,3,53.8,11,48,,,,39.6,79.2,0.4843,38.35656,35.5,9.86,2.5,1006.25
192,2/7/2022,5,53.8,20,48,,,,39.6,79.2,0.4843,38.35656,35.5,9.86,2.5,1006.25
193,2/8/2022,3,58.3,20,11,,,,39.8,79.2,0.4843,38.35656,28,7.78,2,1024.25
194,2/8/2022,8,58.3,20,11,,,,39.8,79.2,0.4843,38.35656,28,7.78,2,1024.25
195,2/8/2022,10,58.3,12,11,,,,39.8,79.2,0.4843,38.35656,28,7.78,2,1024.25
196,2/9/2022,1,58.3,12,34,,,,39.8,79.2,0.4843,38.35656,24,6.67,6,1026
197,2/9/2022,5,58.3,12,34,,,,39.8,79.2,0.4843,38.35656,24,6.67,6,1026
198,2/9/2022,8,58.3,3,34,,,,39.8,79.2,0.4843,38.35656,24,6.67,6,1026
199,2/10/2022,1,58.3,3,52,,,,39.7,79.2,0.4843,38.35656,16.25,4.51,6.5,1021.5
200,2/10/2022,1,58.3,3,52,,,,39.7,79.2,0.4843,38.35656,16.25,4.51,6.5,1021.5
201,2/10/2022,1,58.3,5,52,,,,39.7,79.2,0.4843,38.35656,16.25,4.51,6.5,1021.5
202,2/11/2022,5,62.8,5,12,,,,39.6,79.2,0.4843,38.35656,30,8.33,4,1019.75
203,2/11/2022,8,62.8,5,12,,,,39.6,79.2,0.4843,38.35656,30,8.33,4,1019.75
204,2/11/2022,10,62.8,5,12,,,,39.6,79.2,0.4843,38.35656,30,8.33,4,1019.75
205,2/14/2022,1,62.8,5,27,,,,39.8,80,0.4843,38.744,7,1.94,6,1016
206,2/14/2022,5,62.8,5,27,,,,39.8,80,0.4843,38.744,7,1.94,6,1016
207,2/14/2022,8,62.8,3,27,,,,39.8,80,0.4843,38.744,7,1.94,6,1016
208,2/15/2022,1,62.8,3,48,,,,39.7,79.2,0.4843,38.35656,6,1.67,7,1013.75
209,2/15/2022,3,62.8,3,48,,,,39.7,79.2,0.4843,38.35656,6,1.67,7,1013.75
210,2/15/2022,5,62.8,4,48,,,,39.7,79.2,0.4843,38.35656,6,1.67,7,1013.75
211,2/16/2022,1,62.8,4,57,,,,39.6,79.2,0.4843,38.35656,26.25,7.29,7,1009.75
212,2/16/2022,1,62.8,4,57,,,,39.6,79.2,0.4843,38.35656,26.25,7.29,7,1009.75
213,2/16/2022,1,62.8,12,57,,,,39.6,79.2,0.4843,38.35656,26.25,7.29,7,1009.75
214,2/17/2022,1,67.3,12,14,,,,39.6,79.2,0.4843,38.35656,46.25,12.85,7.5,995
215,2/17/2022,3,67.3,12,14,,,,39.6,79.2,0.4843,38.35656,46.25,12.85,7.5,995
216,2/17/2022,5,67.3,3,14,,,,39.6,79.2,0.4843,38.35656,46.25,12.85,7.5,995
217,2/18/2022,1,67.3,3,44,,,,39.8,79.2,0.4843,38.35656,30.25,8.4,6.5,1010.25
218,2/18/2022,5,67.3,3,44,,,,39.8,79.2,0.4843,38.35656,30.25,8.4,6.5,1010.25
219,2/18/2022,5,67.3,2,44,,,,39.8,79.2,0.4843,38.35656,30.25,8.4,6.5,1010.25
220,2/21/2022,1,67.3,4,62,,,,39.6,79.2,0.4843,38.35656,35.5,9.86,5.5,1011
221,2/21/2022,1,67.3,6,62,,,,39.6,79.2,0.4843,38.35656,35.5,9.86,5.5,1011
222,2/21/2022,1,67.3,8,62,,,,39.6,79.2,0.4843,38.35656,35.5,9.86,5.5,1011
223,2/22/2022,1,72,8,14,,,,40,80.1,0.4843,38.79243,24.75,6.88,3,1013
224,2/22/2022,3,72,8,14,,,,40,80.1,0.4843,38.79243,24.75,6.88,3,1013
225,2/22/2022,5,72,11,14,,,,40,80.1,0.4843,38.79243,24.75,6.88,3,1013
226,2/23/2022,1,72,15,38,,,,40,80.1,0.4843,38.79243,29.5,8.19,4,1021
227,2/23/2022,1,72,17,38,,,,40,80.1,0.4843,38.79243,29.5,8.19,4,1021
228,2/23/2022,1,72,8,38,,,,40,80.1,0.4843,38.79243,29.5,8.19,4,1021
229,2/24/2022,1,72,9,52,,,,39.9,80,0.4843,38.744,10,2.78,4,1020
230,2/24/2022,1,72,10,52,,,,39.9,80,0.4843,38.744,10,2.78,4,1020
231,2/24/2022,1,72,6,52,,,,39.9,80,0.4843,38.744,10,2.78,4,1020
232,2/25/2022,1,72,6,67,,,,39.9,80,0.4843,38.744,18,5,3,1020.5
233,2/25/2022,1,72,23,67,,,,39.9,80,0.4843,38.744,18,5,3,1020.5
234,2/25/2022,1,72,23,67,,,,39.9,80,0.4843,38.744,18,5,3,1020.5
235,2/28/2022,5,13.2,9,7,,,,39.8,79.2,0.4843,38.35656,20,5.56,0,1034.5
236,2/28/2022,8,13.2,9,7,,,,39.8,79.2,0.4843,38.35656,20,5.56,0,1034.5
237,2/28/2022,15,13.2,9,7,,,,39.8,79.2,0.4843,38.35656,20,5.56,0,1034.5
238,3/1/2022,5,17.7,15,8,,,,39.8,79.2,0.4843,38.35656,10.75,2.99,0,1033.5
239,3/1/2022,8,17.7,15,8,,,,39.8,79.2,0.4843,38.35656,10.75,2.99,0,1033.5
240,3/1/2022,15,17.7,15,8,,,,39.8,79.2,0.4843,38.35656,10.75,2.99,0,1033.5
241,3/2/2022,5,22.2,19,10,,,,39.7,79.2,0.4843,38.35656,7.5,2.08,0,1024.75
242,3/2/2022,8,22.2,19,10,,,,39.7,79.2,0.4843,38.35656,7.5,2.08,0,1024.75
243,3/2/2022,15,22.2,19,10,,,,39.7,79.2,0.4843,38.35656,7.5,2.08,0,1024.75
244,3/3/2022,5,26.7,24,10,,,,39.6,79.2,0.4843,38.35656,9.75,2.71,1,1018
245,3/3/2022,8,26.7,24,10,,,,39.6,79.2,0.4843,38.35656,9.75,2.71,1,1018
246,3/3/2022,15,26.7,24,10,,,,39.6,79.2,0.4843,38.35656,9.75,2.71,1,1018
247,3/4/2022,5,26.7,15,20,,,,39.8,80,0.4843,38.744,11.5,3.19,1,1020.25
248,3/4/2022,8,26.7,15,20,,,,39.8,80,0.4843,38.744,11.5,3.19,1,1020.25
249,3/4/2022,15,26.7,15,20,,,,39.8,80,0.4843,38.744,11.5,3.19,1,1020.25
250,3/7/2022,5,31.3,26,16,,,,39.7,79.2,0.4843,38.35656,14,3.89,1,1021.25
251,3/7/2022,8,31.3,26,16,,,,39.7,79.2,0.4843,38.35656,14,3.89,1,1021.25
252,3/7/2022,15,31.3,26,16,,,,39.7,79.2,0.4843,38.35656,14,3.89,1,1021.25
253,3/8/2022,5,31.3,14,28,,,,39.6,79.2,0.4843,38.35656,12.5,3.47,1,1024.25
254,3/8/2022,8,31.3,14,28,,,,39.6,79.2,0.4843,38.35656,12.5,3.47,1,1024.25
255,3/8/2022,15,31.3,14,28,,,,39.6,79.2,0.4843,38.35656,12.5,3.47,1,1024.25
256,3/9/2022,5,35.8,33,11,,,,39.6,79.2,0.4843,38.35656,11.75,3.26,3,1023.5
257,3/9/2022,8,35.8,33,11,,,,39.6,79.2,0.4843,38.35656,11.75,3.26,3,1023.5
258,3/9/2022,15,35.8,33,11,,,,39.6,79.2,0.4843,38.35656,11.75,3.26,3,1023.5
259,3/10/2022,5,35.8,19,28,,,,39.8,79.2,0.4843,38.35656,17.75,4.93,0,1033.75
260,3/10/2022,8,35.8,19,28,,,,39.8,79.2,0.4843,38.35656,17.75,4.93,0,1033.75
261,3/10/2022,15,35.8,19,28,,,,39.8,79.2,0.4843,38.35656,17.75,4.93,0,1033.75
262,3/11/2022,1,40.3,21,32,,,,39.6,79.2,0.4843,38.35656,19,5.28,-2,1035.75
263,3/11/2022,5,40.3,21,32,,,,39.6,79.2,0.4843,38.35656,19,5.28,-2,1035.75
264,3/11/2022,8,40.3,21,32,,,,39.6,79.2,0.4843,38.35656,19,5.28,-2,1035.75
265,3/14/2022,5,44.8,37,21,,,,40,80.1,0.4843,38.79243,6.75,1.88,7,1030
266,3/14/2022,8,44.8,37,21,,,,40,80.1,0.4843,38.79243,6.75,1.88,7,1030
267,3/14/2022,15,44.8,37,21,,,,40,80.1,0.4843,38.79243,6.75,1.88,7,1030
268,3/15/2022,1,44.8,26,34,,,,40,80.1,0.4843,38.79243,9,2.5,7.5,1029.5
269,3/15/2022,5,44.8,26,34,,,,40,80.1,0.4843,38.79243,9,2.5,7.5,1029.5
270,3/15/2022,8,44.8,26,34,,,,40,80.1,0.4843,38.79243,9,2.5,7.5,1029.5
271,3/16/2022,1,49.3,36,32,,,,39.6,79.2,0.4843,38.35656,12,3.33,7,1023.75
272,3/16/2022,5,49.3,36,32,,,,39.6,79.2,0.4843,38.35656,12,3.33,7,1023.75
273,3/16/2022,8,49.3,36,32,,,,39.6,79.2,0.4843,38.35656,12,3.33,7,1023.75
274,3/17/2022,1,53.8,47,24,,,,39.9,80,0.4843,38.744,24,6.67,4,1033.75
275,3/17/2022,5,53.8,47,24,,,,39.9,80,0.4843,38.744,24,6.67,4,1033.75
276,3/17/2022,8,53.8,47,24,,,,39.9,80,0.4843,38.744,24,6.67,4,1033.75
277,3/18/2022,5,58.3,55,18,,,,39.8,79.2,0.4843,38.35656,15.5,4.31,2,1040.75
278,3/18/2022,8,58.3,55,18,,,,39.8,79.2,0.4843,38.35656,15.5,4.31,2,1040.75
279,3/18/2022,15,58.3,55,18,,,,39.8,79.2,0.4843,38.35656,15.5,4.31,2,1040.75
280,3/21/2022,1,58.3,32,46,,,,39.8,79.2,0.4843,38.35656,16.25,4.51,4.5,1040
281,3/21/2022,5,58.3,32,46,,,,39.8,79.2,0.4843,38.35656,16.25,4.51,4.5,1040
282,3/21/2022,5,58.3,32,46,,,,39.8,79.2,0.4843,38.35656,16.25,4.51,4.5,1040
283,3/22/2022,1,62.8,58,20,,,,39.7,79.2,0.4843,38.35656,11.25,3.13,8,1037
284,3/22/2022,5,62.8,58,20,,,,39.7,79.2,0.4843,38.35656,11.25,3.13,8,1037
285,3/22/2022,8,62.8,58,20,,,,39.7,79.2,0.4843,38.35656,11.25,3.13,8,1037
286,3/23/2022,1,62.8,45,42,,,,39.9,80,0.4843,38.744,8,2.22,10,1030.5
287,3/23/2022,5,62.8,45,42,,,,39.9,80,0.4843,38.744,8,2.22,10,1030.5
288,3/23/2022,5,62.8,45,42,,,,39.9,80,0.4843,38.744,8,2.22,10,1030.5
289,3/24/2022,1,67.3,60,29,,,,39.9,80,0.4843,38.744,9.75,2.71,9,1027.25
290,3/24/2022,5,67.3,60,29,,,,39.9,80,0.4843,38.744,9.75,2.71,9,1027.25
291,3/24/2022,8,67.3,60,29,,,,39.9,80,0.4843,38.744,9.75,2.71,9,1027.25
292,3/25/2022,1,67.3,33,56,,,,39.6,79.2,0.4843,38.35656,6,1.67,9,1027.25
293,3/25/2022,1,67.3,33,56,,,,39.6,79.2,0.4843,38.35656,6,1.67,9,1027.25
294,3/25/2022,1,67.3,33,56,,,,39.6,79.2,0.4843,38.35656,6,1.67,9,1027.25
295,3/28/2022,5,72,25,21,,,,39.8,80,0.4843,38.744,21,5.83,10,1020.25
296,3/28/2022,8,72,25,21,,,,39.8,80,0.4843,38.744,21,5.83,10,1020.25
297,3/28/2022,10,72,25,21,,,,39.8,80,0.4843,38.744,21,5.83,10,1020.25
298,3/29/2022,1,72,25,29,,,,39.7,79.2,0.4843,38.35656,15.5,4.31,10,1009.25
299,3/29/2022,5,72,25,29,,,,39.7,79.2,0.4843,38.35656,15.5,4.31,10,1009.25
300,3/29/2022,5,72,25,29,,,,39.7,79.2,0.4843,38.35656,15.5,4.31,10,1009.25
301,3/30/2022,1,72,20,46,,,,39.6,79.2,0.4843,38.35656,18,5,10.5,1004.25
302,3/30/2022,1,72,20,46,,,,39.6,79.2,0.4843,38.35656,18,5,10.5,1004.25
303,3/30/2022,1,72,20,46,,,,39.6,79.2,0.4843,38.35656,18,5,10.5,1004.25
304,3/31/2022,1,72,14,57,,,,39.6,79.2,0.4843,38.35656,20.75,5.76,3,1002.25
305,3/31/2022,1,72,14,57,,,,39.6,79.2,0.4843,38.35656,20.75,5.76,3,1002.25
306,3/31/2022,1,72,14,57,,,,39.6,79.2,0.4843,38.35656,20.75,5.76,3,1002.25
307,4/1/2022,1,72,12,62,,,,39.8,79.2,0.4843,38.35656,15.25,4.24,0.5,998.5
308,4/1/2022,1,72,12,62,,,,39.8,79.2,0.4843,38.35656,15.25,4.24,0.5,998.5
309,4/1/2022,1,72,12,62,,,,39.8,79.2,0.4843,38.35656,15.25,4.24,0.5,998.5
310,4/4/2022,5,13.2,2,7,,,,39.6,79.2,0.4843,38.35656,27,7.5,1,1014.5
311,4/4/2022,8,13.2,2,7,,,,39.6,79.2,0.4843,38.35656,27,7.5,1,1014.5
312,4/4/2022,15,13.2,2,7,,,,39.6,79.2,0.4843,38.35656,27,7.5,1,1014.5
313,4/5/2022,5,13.2,1,10,,,,40,80.1,0.4843,38.79243,29.75,8.26,4.5,1005
314,4/5/2022,8,13.2,1,10,,,,40,80.1,0.4843,38.79243,29.75,8.26,4.5,1005
315,4/5/2022,15,13.2,1,10,,,,40,80.1,0.4843,38.79243,29.75,8.26,4.5,1005
316,4/6/2022,5,17.7,3,9,,,,40,80.1,0.4843,38.79243,24.25,6.74,10,1006.25
317,4/6/2022,8,17.7,3,9,,,,40,80.1,0.4843,38.79243,24.25,6.74,10,1006.25
318,4/6/2022,15,17.7,3,9,,,,40,80.1,0.4843,38.79243,24.25,6.74,10,1006.25
319,4/7/2022,5,17.7,8,11,,,,39.9,80,0.4843,38.744,34.75,9.65,11.5,995.75
320,4/7/2022,8,17.7,8,11,,,,39.9,80,0.4843,38.744,34.75,9.65,11.5,995.75
321,4/7/2022,15,17.7,8,11,,,,39.9,80,0.4843,38.744,34.75,9.65,11.5,995.75
322,4/8/2022,5,22.2,10,8,,,,39.9,80,0.4843,38.744,30.25,8.4,9,999.75
323,4/8/2022,8,22.2,10,8,,,,39.9,80,0.4843,38.744,30.25,8.4,9,999.75
324,4/8/2022,15,22.2,10,8,,,,39.9,80,0.4843,38.744,30.25,8.4,9,999.75
325,4/11/2022,5,22.2,9,19,,,,39.8,79.2,0.4843,38.35656,17.25,4.79,4,1020.5
326,4/11/2022,8,22.2,9,19,,,,39.8,79.2,0.4843,38.35656,17.25,4.79,4,1020.5
327,4/11/2022,15,22.2,9,19,,,,39.8,79.2,0.4843,38.35656,17.25,4.79,4,1020.5
328,4/12/2022,5,26.7,26,4,,,,39.8,79.2,0.4843,38.35656,11,3.06,6,1022
329,4/12/2022,8,26.7,26,4,,,,39.8,79.2,0.4843,38.35656,11,3.06,6,1022
330,4/12/2022,15,26.7,26,4,,,,39.8,79.2,0.4843,38.35656,11,3.06,6,1022
331,4/13/2022,5,26.7,4,24,,,,39.7,79.2,0.4843,38.35656,15.25,4.24,7.5,1022.75
332,4/13/2022,8,26.7,4,24,,,,39.7,79.2,0.4843,38.35656,15.25,4.24,7.5,1022.75
333,4/13/2022,15,26.7,4,24,,,,39.7,79.2,0.4843,38.35656,15.25,4.24,7.5,1022.75
334,4/14/2022,5,31.3,30,5,,,,39.6,79.2,0.4843,38.35656,7.25,2.01,12,1019.5
335,4/14/2022,8,31.3,30,5,,,,39.6,79.2,0.4843,38.35656,7.25,2.01,12,1019.5
336,4/14/2022,15,31.3,30,5,,,,39.6,79.2,0.4843,38.35656,7.25,2.01,12,1019.5
337,4/15/2022,5,31.3,2,20,,,,39.8,80,0.4843,38.744,20,5.56,11,1027.5
338,4/15/2022,8,31.3,2,20,,,,39.8,80,0.4843,38.744,20,5.56,11,1027.5
339,4/15/2022,15,31.3,2,20,,,,39.8,80,0.4843,38.744,20,5.56,11,1027.5
340,4/18/2022,5,35.8,5,10,,,,39.7,79.2,0.4843,38.35656,14,3.89,5,1020
341,4/18/2022,8,35.8,5,10,,,,39.7,79.2,0.4843,38.35656,14,3.89,5,1020
342,4/18/2022,15,35.8,5,10,,,,39.7,79.2,0.4843,38.35656,14,3.89,5,1020
343,4/19/2022,5,35.8,4,24,,,,39.6,79.2,0.4843,38.35656,13.75,3.82,5,1013
344,4/19/2022,8,35.8,4,24,,,,39.6,79.2,0.4843,38.35656,13.75,3.82,5,1013
345,4/19/2022,15,35.8,4,24,,,,39.6,79.2,0.4843,38.35656,13.75,3.82,5,1013
346,4/20/2022,5,35.8,10,24,,,,39.6,79.2,0.4843,38.35656,18.25,5.07,4,1011
347,4/20/2022,8,35.8,10,24,,,,39.6,79.2,0.4843,38.35656,18.25,5.07,4,1011
348,4/20/2022,15,35.8,10,24,,,,39.6,79.2,0.4843,38.35656,18.25,5.07,4,1011
349,4/21/2022,5,40.3,10,7,,,,39.8,79.2,0.4843,38.35656,11.25,3.13,7,1015
350,4/21/2022,8,40.3,10,7,,,,39.8,79.2,0.4843,38.35656,11.25,3.13,7,1015
351,4/21/2022,15,40.3,10,7,,,,39.8,79.2,0.4843,38.35656,11.25,3.13,7,1015
352,4/22/2022,5,40.3,12,22,,,,39.6,79.2,0.4843,38.35656,23.75,6.6,7,1013
353,4/22/2022,8,40.3,12,22,,,,39.6,79.2,0.4843,38.35656,23.75,6.6,7,1013
354,4/22/2022,15,40.3,12,22,,,,39.6,79.2,0.4843,38.35656,23.75,6.6,7,1013
355,4/25/2022,1,40.3,13,32,,,,40,80.1,0.4843,38.79243,25.25,7.01,10,1000
356,4/25/2022,5,40.3,13,32,,,,40,80.1,0.4843,38.79243,25.25,7.01,10,1000
357,4/25/2022,8,40.3,13,32,,,,40,80.1,0.4843,38.79243,25.25,7.01,10,1000
358,4/26/2022,5,44.8,5,7,,,,40,80.1,0.4843,38.79243,12.75,3.54,8,1006
359,4/26/2022,8,44.8,5,7,,,,40,80.1,0.4843,38.79243,12.75,3.54,8,1006
360,4/26/2022,15,44.8,5,7,,,,40,80.1,0.4843,38.79243,12.75,3.54,8,1006
361,4/27/2022,1,44.8,4,40,,,,39.6,79.2,0.4843,38.35656,11,3.06,8.5,1023
362,4/27/2022,5,44.8,4,40,,,,39.6,79.2,0.4843,38.35656,11,3.06,8.5,1023
363,4/27/2022,8,44.8,4,40,,,,39.6,79.2,0.4843,38.35656,11,3.06,8.5,1023
364,4/28/2022,5,49.3,5,9,,,,39.8,80,0.4843,38.744,14.5,4.03,10,1022
365,4/28/2022,8,49.3,5,9,,,,39.8,80,0.4843,38.744,14.5,4.03,10,1022
366,4/28/2022,15,49.3,5,9,,,,39.8,80,0.4843,38.744,14.5,4.03,10,1022
367,4/29/2022,5,49.3,6,24,,,,39.7,79.2,0.4843,38.35656,9,2.5,12,1011
368,4/29/2022,8,49.3,6,24,,,,39.7,79.2,0.4843,38.35656,9,2.5,12,1011
369,4/29/2022,15,49.3,6,24,,,,39.7,79.2,0.4843,38.35656,9,2.5,12,1011
370,5/2/2022,1,49.3,5,42,,,,39.6,79.2,0.4843,38.35656,9.75,2.71,13.5,1023
371,5/2/2022,5,49.3,5,42,,,,39.6,79.2,0.4843,38.35656,9.75,2.71,13.5,1023
372,5/2/2022,8,49.3,5,42,,,,39.6,79.2,0.4843,38.35656,9.75,2.71,13.5,1023
373,5/4/2022,1,49.3,3,40,,,,39.6,79.2,0.4843,38.35656,9,2.5,15,1011
374,5/4/2022,5,49.3,3,40,,,,39.6,79.2,0.4843,38.35656,9,2.5,15,1011
375,5/4/2022,5,49.3,3,40,,,,39.6,79.2,0.4843,38.35656,9,2.5,15,1011
376,5/5/2022,5,53.8,16,10,,,,39.8,79.2,0.4843,38.35656,16,4.44,14,1012
377,5/5/2022,8,53.8,16,10,,,,39.8,79.2,0.4843,38.35656,16,4.44,14,1012
378,5/5/2022,15,53.8,16,10,,,,39.8,79.2,0.4843,38.35656,16,4.44,14,1012
379,5/6/2022,1,53.8,3,38,,,,39.6,79.2,0.4843,38.35656,7.25,2.01,14,1019
380,5/6/2022,5,53.8,3,38,,,,39.6,79.2,0.4843,38.35656,7.25,2.01,14,1019
381,5/6/2022,8,53.8,3,38,,,,39.6,79.2,0.4843,38.35656,7.25,2.01,14,1019
382,5/9/2022,1,53.8,11,48,,,,40,80.1,0.4843,38.79243,14.25,3.96,15,1026.5
383,5/9/2022,5,53.8,11,48,,,,40,80.1,0.4843,38.79243,14.25,3.96,15,1026.5
384,5/9/2022,5,53.8,11,48,,,,40,80.1,0.4843,38.79243,14.25,3.96,15,1026.5
385,5/10/2022,5,58.3,20,11,,,,40,80.1,0.4843,38.79243,11.5,3.19,12,1022
386,5/10/2022,8,58.3,20,11,,,,40,80.1,0.4843,38.79243,11.5,3.19,12,1022
387,5/10/2022,15,58.3,20,11,,,,40,80.1,0.4843,38.79243,11.5,3.19,12,1022
388,5/11/2022,1,58.3,25,34,,,,39.9,80,0.4843,38.744,17.5,4.86,17,1015.5
389,5/11/2022,5,58.3,25,34,,,,39.9,80,0.4843,38.744,17.5,4.86,17,1015.5
390,5/11/2022,8,58.3,25,34,,,,39.9,80,0.4843,38.744,17.5,4.86,17,1015.5
391,5/12/2022,1,58.3,5,52,,,,39.9,80,0.4843,38.744,25.75,7.15,18,1013.75
392,5/12/2022,1,58.3,5,52,,,,39.9,80,0.4843,38.744,25.75,7.15,18,1013.75
393,5/12/2022,1,58.3,5,52,,,,39.9,80,0.4843,38.744,25.75,7.15,18,1013.75
394,5/13/2022,5,62.8,30,12,,,,39.8,79.2,0.4843,38.35656,21.25,5.9,15,1015.25
395,5/13/2022,8,62.8,30,12,,,,39.8,79.2,0.4843,38.35656,21.25,5.9,15,1015.25
396,5/13/2022,15,62.8,30,12,,,,39.8,79.2,0.4843,38.35656,21.25,5.9,15,1015.25
397,5/16/2022,1,62.8,30,27,,,,39.8,79.2,0.4843,38.35656,9,2.5,15,1019.25
398,5/16/2022,5,62.8,30,27,,,,39.8,79.2,0.4843,38.35656,9,2.5,15,1019.25
399,5/16/2022,8,62.8,30,27,,,,39.8,79.2,0.4843,38.35656,9,2.5,15,1019.25
400,5/17/2022,1,62.8,3,48,,,,39.7,79.2,0.4843,38.35656,16.25,4.51,14,1017.5
401,5/17/2022,5,62.8,3,48,,,,39.7,79.2,0.4843,38.35656,16.25,4.51,14,1017.5
402,5/17/2022,5,62.8,3,48,,,,39.7,79.2,0.4843,38.35656,16.25,4.51,14,1017.5
403,5/18/2022,1,62.8,4,56,,,,39.8,79.2,0.4843,38.35656,13,3.61,10,1029.25
404,5/18/2022,1,62.8,4,56,,,,39.8,79.2,0.4843,38.35656,13,3.61,10,1029.25
405,5/18/2022,1,62.8,4,56,,,,39.8,79.2,0.4843,38.35656,13,3.61,10,1029.25
406,5/19/2022,1,67.3,30,14,,,,39.7,79.2,0.4843,38.35656,8.25,2.29,15,1025.25
407,5/19/2022,5,67.3,30,14,,,,39.7,79.2,0.4843,38.35656,8.25,2.29,15,1025.25
408,5/19/2022,8,67.3,30,14,,,,39.7,79.2,0.4843,38.35656,8.25,2.29,15,1025.25
409,5/20/2022,1,67.3,3,44,,,,39.9,80,0.4843,38.744,20,5.56,18,1020.25
410,5/20/2022,5,67.3,3,44,,,,39.9,80,0.4843,38.744,20,5.56,18,1020.25
411,5/20/2022,5,67.3,3,44,,,,39.9,80,0.4843,38.744,20,5.56,18,1020.25
412,5/23/2022,1,67.3,2,56,,,,39.8,79.2,0.4843,38.35656,13.75,3.82,12,1013.5
413,5/23/2022,1,67.3,2,56,,,,39.8,79.2,0.4843,38.35656,13.75,3.82,12,1013.5
414,5/23/2022,1,67.3,2,56,,,,39.8,79.2,0.4843,38.35656,13.75,3.82,12,1013.5
415,5/24/2022,1,72,30,14,,,,39.8,79.2,0.4843,38.35656,9.25,2.57,15,1009
416,5/24/2022,5,72,30,14,,,,39.8,79.2,0.4843,38.35656,9.25,2.57,15,1009
417,5/24/2022,8,72,30,14,,,,39.8,79.2,0.4843,38.35656,9.25,2.57,15,1009
418,5/25/2022,1,72,40,38,,,,39.7,79.2,0.4843,38.35656,20.5,5.69,14,1013.5
419,5/25/2022,1,72,40,38,,,,39.7,79.2,0.4843,38.35656,20.5,5.69,14,1013.5
420,5/25/2022,1,72,40,38,,,,39.7,79.2,0.4843,38.35656,20.5,5.69,14,1013.5
421,5/26/2022,1,72,30,52,,,,39.8,79.2,0.4843,38.35656,25,6.94,15,1018.25
422,5/26/2022,1,72,30,52,,,,39.8,79.2,0.4843,38.35656,25,6.94,15,1018.25
423,5/26/2022,1,72,30,52,,,,39.8,79.2,0.4843,38.35656,25,6.94,15,1018.25
424,5/27/2022,1,72,23,67,,,,39.7,79.2,0.4843,38.35656,29,8.06,15,1013.5
425,5/27/2022,1,72,23,67,,,,39.7,79.2,0.4843,38.35656,29,8.06,15,1013.5
426,5/27/2022,1,72,23,67,,,,39.7,79.2,0.4843,38.35656,29,8.06,15,1013.5
427,6/21/2022,5,13.2,13,36,,,,39.6,79.2,0.4843,38.35656,27.75,7.71,15,1012
428,6/21/2022,8,13.2,13,36,,,,39.6,79.2,0.4843,38.35656,27.75,7.71,15,1012
429,6/21/2022,15,13.2,13,36,,,,39.6,79.2,0.4843,38.35656,27.75,7.71,15,1012
430,6/22/2022,5,17.7,43,7,,,,39.8,79.2,0.4843,38.35656,12.75,3.54,16,1012
431,6/22/2022,8,17.7,43,7,,,,39.8,79.2,0.4843,38.35656,12.75,3.54,16,1012
432,6/22/2022,15,17.7,43,7,,,,39.8,79.2,0.4843,38.35656,12.75,3.54,16,1012
433,6/23/2022,5,22.2,15,40,,,,39.6,79.2,0.4843,38.35656,12,3.33,18,1016
434,6/23/2022,8,22.2,15,40,,,,39.6,79.2,0.4843,38.35656,12,3.33,18,1016
435,6/23/2022,15,22.2,15,40,,,,39.6,79.2,0.4843,38.35656,12,3.33,18,1016
436,6/24/2022,5,26.7,47,9,,,,40,80.1,0.4843,38.79243,21.75,6.04,20,1013
437,6/24/2022,8,26.7,47,9,,,,40,80.1,0.4843,38.79243,21.75,6.04,20,1013
438,6/24/2022,15,26.7,47,9,,,,40,80.1,0.4843,38.79243,21.75,6.04,20,1013
439,6/27/2022,5,26.7,42,24,,,,39.6,79.2,0.4843,38.35656,13.25,3.68,23,1017
440,6/27/2022,8,26.7,42,24,,,,39.6,79.2,0.4843,38.35656,13.25,3.68,23,1017
441,6/27/2022,15,26.7,42,24,,,,39.6,79.2,0.4843,38.35656,13.25,3.68,23,1017
442,6/28/2022,5,31.3,28,42,,,,39.8,79.2,0.4843,38.35656,19.75,5.49,25,1017
443,6/28/2022,8,31.3,28,42,,,,39.8,79.2,0.4843,38.35656,19.75,5.49,25,1017
444,6/28/2022,15,31.3,28,42,,,,39.8,79.2,0.4843,38.35656,19.75,5.49,25,1017
445,6/29/2022,5,31.3,11,46,,,,39.6,79.2,0.4843,38.35656,22.5,6.25,23,1015
446,6/29/2022,8,31.3,11,46,,,,39.6,79.2,0.4843,38.35656,22.5,6.25,23,1015
447,6/29/2022,15,31.3,11,46,,,,39.6,79.2,0.4843,38.35656,22.5,6.25,23,1015
448,6/30/2022,5,35.8,51,10,,,,40,80.1,0.4843,38.79243,17.5,4.86,26,1012
449,6/30/2022,8,35.8,51,10,,,,40,80.1,0.4843,38.79243,17.5,4.86,26,1012
450,6/30/2022,15,35.8,51,10,,,,40,80.1,0.4843,38.79243,17.5,4.86,26,1012
451,7/1/2022,5,13.2,36,38,,,,40,80.1,0.4843,38.79243,25,6.94,28,1011
452,7/1/2022,8,13.2,36,38,,,,40,80.1,0.4843,38.79243,25,6.94,28,1011
453,7/1/2022,15,13.2,36,38,,,,40,80.1,0.4843,38.79243,25,6.94,28,1011
454,7/4/2022,5,13.2,19,48,,,,39.6,79.2,0.4843,38.35656,9.75,2.71,22,1016
455,7/4/2022,8,13.2,19,48,,,,39.6,79.2,0.4843,38.35656,9.75,2.71,22,1016
456,7/4/2022,15,13.2,19,48,,,,39.6,79.2,0.4843,38.35656,9.75,2.71,22,1016
457,7/5/2022,5,17.7,57,11,,,,39.8,79.2,0.4843,38.35656,13.75,3.82,18,1018
458,7/5/2022,8,17.7,57,11,,,,39.8,79.2,0.4843,38.35656,13.75,3.82,18,1018
459,7/5/2022,15,17.7,57,11,,,,39.8,79.2,0.4843,38.35656,13.75,3.82,18,1018
460,7/6/2022,5,17.7,46,34,,,,39.6,79.2,0.4843,38.35656,15.5,4.31,18,1018
461,7/6/2022,8,17.7,46,34,,,,39.6,79.2,0.4843,38.35656,15.5,4.31,18,1018
462,7/6/2022,15,17.7,46,34,,,,39.6,79.2,0.4843,38.35656,15.5,4.31,18,1018
463,7/7/2022,5,22.2,21,52,,,,40,80.1,0.4843,38.79243,12.5,3.47,17,1017
464,7/7/2022,8,22.2,21,52,,,,40,80.1,0.4843,38.79243,12.5,3.47,17,1017
465,7/7/2022,15,22.2,21,52,,,,40,80.1,0.4843,38.79243,12.5,3.47,17,1017
466,7/8/2022,5,22.2,61,12,,,,39.6,79.2,0.4843,38.35656,17.5,4.86,17,1022
467,7/8/2022,8,22.2,61,12,,,,39.6,79.2,0.4843,38.35656,17.5,4.86,17,1022
468,7/8/2022,15,22.2,61,12,,,,39.6,79.2,0.4843,38.35656,17.5,4.86,17,1022
469,7/11/2022,5,26.7,56,27,,,,39.8,79.2,0.4843,38.35656,17.5,4.86,14,1018
470,7/11/2022,8,26.7,56,27,,,,39.8,79.2,0.4843,38.35656,17.5,4.86,14,1018
471,7/11/2022,15,26.7,56,27,,,,39.8,79.2,0.4843,38.35656,17.5,4.86,14,1018
472,7/12/2022,5,26.7,38,48,,,,39.6,79.2,0.4843,38.35656,23.5,6.53,15,1019
473,7/12/2022,8,26.7,38,48,,,,39.6,79.2,0.4843,38.35656,23.5,6.53,15,1019
474,7/12/2022,15,26.7,38,48,,,,39.6,79.2,0.4843,38.35656,23.5,6.53,15,1019
475,7/13/2022,5,31.3,18,57,,,,39.6,79.2,0.4843,38.35656,25,6.94,18,1017
476,7/13/2022,8,31.3,18,57,,,,39.6,79.2,0.4843,38.35656,25,6.94,18,1017
477,7/13/2022,15,31.3,18,57,,,,39.6,79.2,0.4843,38.35656,25,6.94,18,1017
478,7/14/2022,5,31.3,65,14,,,,39.8,79.2,0.4843,38.35656,20,5.56,22,1014
479,7/14/2022,8,31.3,65,14,,,,39.8,79.2,0.4843,38.35656,20,5.56,22,1014
480,7/14/2022,15,31.3,65,14,,,,39.8,79.2,0.4843,38.35656,20,5.56,22,1014
481,7/15/2022,5,35.8,49,44,,,,39.6,79.2,0.4843,38.35656,19.75,5.49,18,1017
482,7/15/2022,8,35.8,49,44,,,,39.6,79.2,0.4843,38.35656,19.75,5.49,18,1017
483,7/15/2022,15,35.8,49,44,,,,39.6,79.2,0.4843,38.35656,19.75,5.49,18,1017
484,7/18/2022,5,35.8,21,62,,,,40,80.1,0.4843,38.79243,9,2.5,19,1024
485,7/18/2022,8,35.8,21,62,,,,40,80.1,0.4843,38.79243,9,2.5,19,1024
486,7/18/2022,15,35.8,21,62,,,,40,80.1,0.4843,38.79243,9,2.5,19,1024
487,7/19/2022,5,35.8,71,14,,,,39.6,79.2,0.4843,38.35656,8,2.22,21,1021
488,7/19/2022,8,35.8,71,14,,,,39.6,79.2,0.4843,38.35656,8,2.22,21,1021
489,7/19/2022,15,35.8,71,14,,,,39.6,79.2,0.4843,38.35656,8,2.22,21,1021
490,7/20/2022,5,40.3,60,38,,,,39.8,79.2,0.4843,38.35656,10,2.78,24,1020
491,7/20/2022,8,40.3,60,38,,,,39.8,79.2,0.4843,38.35656,10,2.78,24,1020
492,7/20/2022,15,40.3,60,38,,,,39.8,79.2,0.4843,38.35656,10,2.78,24,1020
493,7/21/2022,5,40.3,48,52,,,,39.6,79.2,0.4843,38.35656,14,3.89,24,1019
494,7/21/2022,8,40.3,48,52,,,,39.6,79.2,0.4843,38.35656,14,3.89,24,1019
495,7/21/2022,15,40.3,48,52,,,,39.6,79.2,0.4843,38.35656,14,3.89,24,1019
496,7/22/2022,1,40.3,23,67,,,,40,80.1,0.4843,38.79243,13.25,3.68,24,1018
497,7/22/2022,5,40.3,23,67,,,,40,80.1,0.4843,38.79243,13.25,3.68,24,1018
498,7/22/2022,8,40.3,23,67,,,,40,80.1,0.4843,38.79243,13.25,3.68,24,1018
499,7/25/2022,5,44.8,9,7,,,,40,80.1,0.4843,38.79243,9,2.5,21,1015.25
500,7/25/2022,8,44.8,9,7,,,,40,80.1,0.4843,38.79243,9,2.5,21,1015.25
501,7/25/2022,15,44.8,9,7,,,,40,80.1,0.4843,38.79243,9,2.5,21,1015.25
502,7/26/2022,1,44.8,15,8,,,,39.6,79.2,0.4843,38.35656,23.25,6.46,18,1012.75
503,7/26/2022,5,44.8,15,8,,,,39.6,79.2,0.4843,38.35656,23.25,6.46,18,1012.75
504,7/26/2022,8,44.8,15,8,,,,39.6,79.2,0.4843,38.35656,23.25,6.46,18,1012.75
505,7/27/2022,5,49.3,19,10,,,,39.8,79.2,0.4843,38.35656,11.5,3.19,19,1015
506,7/27/2022,8,49.3,19,10,,,,39.8,79.2,0.4843,38.35656,11.5,3.19,19,1015
507,7/27/2022,15,49.3,19,10,,,,39.8,79.2,0.4843,38.35656,11.5,3.19,19,1015
508,7/28/2022,5,49.3,24,10,,,,39.6,79.2,0.4843,38.35656,7.75,2.15,19,1018
509,7/28/2022,8,49.3,24,10,,,,39.6,79.2,0.4843,38.35656,7.75,2.15,19,1018
510,7/28/2022,15,49.3,24,10,,,,39.6,79.2,0.4843,38.35656,7.75,2.15,19,1018
511,7/29/2022,1,49.3,15,20,,,,40,80.1,0.4843,38.79243,18,5,21,1017
512,7/29/2022,5,49.3,15,20,,,,40,80.1,0.4843,38.79243,18,5,21,1017
513,7/29/2022,8,49.3,15,20,,,,40,80.1,0.4843,38.79243,18,5,21,1017
514,8/1/2022,1,49.3,26,16,,,,39.6,79.2,0.4843,38.35656,11,3.06,18,1014
515,8/1/2022,5,49.3,26,16,,,,39.6,79.2,0.4843,38.35656,11,3.06,18,1014
516,8/1/2022,5,49.3,26,16,,,,39.6,79.2,0.4843,38.35656,11,3.06,18,1014
517,8/2/2022,5,53.8,14,28,,,,39.8,79.2,0.4843,38.35656,14.25,3.96,20,1017
518,8/2/2022,8,53.8,14,28,,,,39.8,79.2,0.4843,38.35656,14.25,3.96,20,1017
519,8/2/2022,15,53.8,14,28,,,,39.8,79.2,0.4843,38.35656,14.25,3.96,20,1017
520,8/3/2022,1,53.8,33,11,,,,39.6,79.2,0.4843,38.35656,10,2.78,21,1018
521,8/3/2022,5,53.8,33,11,,,,39.6,79.2,0.4843,38.35656,10,2.78,21,1018
522,8/3/2022,8,53.8,33,11,,,,39.6,79.2,0.4843,38.35656,10,2.78,21,1018
523,8/4/2022,1,53.8,19,28,,,,39.6,79.2,0.4843,38.35656,13.75,3.82,21,1018
524,8/4/2022,5,53.8,19,28,,,,39.6,79.2,0.4843,38.35656,13.75,3.82,21,1018
525,8/4/2022,5,53.8,19,28,,,,39.6,79.2,0.4843,38.35656,13.75,3.82,21,1018
526,8/5/2022,5,58.3,21,32,,,,39.8,79.2,0.4843,38.35656,7,1.94,24,1014
527,8/5/2022,8,58.3,21,32,,,,39.8,79.2,0.4843,38.35656,7,1.94,24,1014
528,8/5/2022,15,58.3,21,32,,,,39.8,79.2,0.4843,38.35656,7,1.94,24,1014
529,8/8/2022,1,58.3,37,21,,,,39.6,79.2,0.4843,38.35656,12.5,3.47,17,1023
530,8/8/2022,5,58.3,37,21,,,,39.6,79.2,0.4843,38.35656,12.5,3.47,17,1023
531,8/8/2022,8,58.3,37,21,,,,39.6,79.2,0.4843,38.35656,12.5,3.47,17,1023
532,8/9/2022,1,58.3,26,34,,,,40,80.1,0.4843,38.79243,25,6.94,18,1024
533,8/9/2022,1,58.3,26,34,,,,40,80.1,0.4843,38.79243,25,6.94,18,1024
534,8/9/2022,1,58.3,26,34,,,,40,80.1,0.4843,38.79243,25,6.94,18,1024
535,8/10/2022,5,62.8,36,32,,,,39.6,79.2,0.4843,38.35656,12.25,3.4,18,1024
536,8/10/2022,8,62.8,36,32,,,,39.6,79.2,0.4843,38.35656,12.25,3.4,18,1024
537,8/10/2022,15,62.8,36,32,,,,39.6,79.2,0.4843,38.35656,12.25,3.4,18,1024
538,8/11/2022,1,62.8,47,24,,,,39.8,79.2,0.4843,38.35656,19.25,5.35,19,1022
539,8/11/2022,5,62.8,47,24,,,,39.8,79.2,0.4843,38.35656,19.25,5.35,19,1022
540,8/11/2022,8,62.8,47,24,,,,39.8,79.2,0.4843,38.35656,19.25,5.35,19,1022
541,8/12/2022,1,62.8,55,18,,,,39.6,79.2,0.4843,38.35656,19,5.28,18,1020
542,8/12/2022,5,62.8,55,18,,,,39.6,79.2,0.4843,38.35656,19,5.28,18,1020
543,8/12/2022,5,62.8,55,18,,,,39.6,79.2,0.4843,38.35656,19,5.28,18,1020
544,8/16/2022,1,62.8,32,46,,,,40,80.1,0.4843,38.79243,16,4.44,23,1009
545,8/16/2022,1,62.8,32,46,,,,40,80.1,0.4843,38.79243,16,4.44,23,1009
546,8/16/2022,1,62.8,32,46,,,,40,80.1,0.4843,38.79243,16,4.44,23,1009
547,8/17/2022,1,67.3,58,20,,,,39.6,79.2,0.4843,38.35656,13.75,3.82,24,1011
548,8/17/2022,5,67.3,58,20,,,,39.6,79.2,0.4843,38.35656,13.75,3.82,24,1011
549,8/17/2022,8,67.3,58,20,,,,39.6,79.2,0.4843,38.35656,13.75,3.82,24,1011
550,8/18/2022,1,67.3,45,42,,,,39.8,79.2,0.4843,38.35656,11,3.06,23,1012
551,8/18/2022,5,67.3,45,42,,,,39.8,79.2,0.4843,38.35656,11,3.06,23,1012
552,8/18/2022,5,67.3,45,42,,,,39.8,79.2,0.4843,38.35656,11,3.06,23,1012
553,8/19/2022,1,67.3,60,29,,,,39.6,79.2,0.4843,38.35656,12.5,3.47,25,1010
554,8/19/2022,1,67.3,60,29,,,,39.6,79.2,0.4843,38.35656,12.5,3.47,25,1010
555,8/19/2022,1,67.3,60,29,,,,39.6,79.2,0.4843,38.35656,12.5,3.47,25,1010
556,8/22/2022,1,72,33,56,,,,40,80.1,0.4843,38.79243,12.5,3.47,20,1011
557,8/22/2022,5,72,33,56,,,,40,80.1,0.4843,38.79243,12.5,3.47,20,1011
558,8/22/2022,8,72,33,56,,,,40,80.1,0.4843,38.79243,12.5,3.47,20,1011
559,8/23/2022,1,72,68,21,,,,40,80.1,0.4843,38.79243,13.5,3.75,20,1014
560,8/23/2022,1,72,68,21,,,,40,80.1,0.4843,38.79243,13.5,3.75,20,1014
561,8/23/2022,1,72,68,21,,,,40,80.1,0.4843,38.79243,13.5,3.75,20,1014
562,8/24/2022,1,72,65,29,,,,39.6,79.2,0.4843,38.35656,9.5,2.64,21,1018
563,8/24/2022,1,72,65,29,,,,39.6,79.2,0.4843,38.35656,9.5,2.64,21,1018
564,8/24/2022,1,72,65,29,,,,39.6,79.2,0.4843,38.35656,9.5,2.64,21,1018
565,8/25/2022,1,72,53,46,,,,39.8,79.2,0.4843,38.35656,9.5,2.64,22,1016
566,8/25/2022,1,72,53,46,,,,39.8,79.2,0.4843,38.35656,9.5,2.64,22,1016
567,8/25/2022,1,72,53,46,,,,39.8,79.2,0.4843,38.35656,9.5,2.64,22,1016
568,8/26/2022,5,13.2,40,57,,,,39.6,79.2,0.4843,38.35656,16.5,4.58,22,1013
569,8/26/2022,8,13.2,40,57,,,,39.6,79.2,0.4843,38.35656,16.5,4.58,22,1013
570,8/26/2022,15,13.2,40,57,,,,39.6,79.2,0.4843,38.35656,16.5,4.58,22,1013
571,8/29/2022,5,17.7,32,62,,,,40,80.1,0.4843,38.79243,14.5,4.03,18,1018
572,8/29/2022,8,17.7,32,62,,,,40,80.1,0.4843,38.79243,14.5,4.03,18,1018
573,8/29/2022,15,17.7,32,62,,,,40,80.1,0.4843,38.79243,14.5,4.03,18,1018
574,8/30/2022,5,22.2,19,10,,,,39.6,79.2,0.4843,38.35656,13,3.61,18,1019
575,8/30/2022,8,22.2,19,10,,,,39.6,79.2,0.4843,38.35656,13,3.61,18,1019
576,8/30/2022,15,22.2,19,10,,,,39.6,79.2,0.4843,38.35656,13,3.61,18,1019
577,8/31/2022,5,26.7,24,10,,,,39.8,79.2,0.4843,38.35656,12,3.33,17,1020
578,8/31/2022,8,26.7,24,10,,,,39.8,79.2,0.4843,38.35656,12,3.33,17,1020
579,8/31/2022,15,26.7,24,10,,,,39.8,79.2,0.4843,38.35656,12,3.33,17,1020
580,9/1/2022,5,26.7,15,20,,,,39.6,79.2,0.4843,38.35656,17,4.72,16,1019
581,9/1/2022,8,26.7,15,20,,,,39.6,79.2,0.4843,38.35656,17,4.72,16,1019
582,9/1/2022,15,26.7,15,20,,,,39.6,79.2,0.4843,38.35656,17,4.72,16,1019
583,9/2/2022,5,31.3,26,16,,,,40,80.1,0.4843,38.79243,18,5,15,1019
584,9/2/2022,8,31.3,26,16,,,,40,80.1,0.4843,38.79243,18,5,15,1019
585,9/2/2022,15,31.3,26,16,,,,40,80.1,0.4843,38.79243,18,5,15,1019
586,9/5/2022,5,31.3,14,28,,,,40,80.1,0.4843,38.79243,13.5,3.75,13,1025
587,9/5/2022,8,31.3,14,28,,,,40,80.1,0.4843,38.79243,13.5,3.75,13,1025
588,9/5/2022,15,31.3,14,28,,,,40,80.1,0.4843,38.79243,13.5,3.75,13,1025
589,9/6/2022,5,35.8,33,11,,,,39.6,79.2,0.4843,38.35656,18.5,5.14,14,1022
590,9/6/2022,8,35.8,33,11,,,,39.6,79.2,0.4843,38.35656,18.5,5.14,14,1022
591,9/6/2022,15,35.8,33,11,,,,39.6,79.2,0.4843,38.35656,18.5,5.14,14,1022
592,9/7/2022,5,13.2,9,7,,,,39.8,79.2,0.4843,38.35656,11.5,3.19,16,1017
593,9/7/2022,8,13.2,9,7,,,,39.8,79.2,0.4843,38.35656,11.5,3.19,16,1017
594,9/7/2022,15,13.2,9,7,,,,39.8,79.2,0.4843,38.35656,11.5,3.19,16,1017
595,9/8/2022,5,17.7,15,8,,,,39.6,79.2,0.4843,38.35656,15.5,4.31,19,1011
596,9/8/2022,8,17.7,15,8,,,,39.6,79.2,0.4843,38.35656,15.5,4.31,19,1011
597,9/8/2022,15,17.7,15,8,,,,39.6,79.2,0.4843,38.35656,15.5,4.31,19,1011
598,9/9/2022,5,22.2,19,10,,,,40,80.1,0.4843,38.79243,10.75,2.99,18,1014
599,9/9/2022,8,22.2,19,10,,,,40,80.1,0.4843,38.79243,10.75,2.99,18,1014
600,9/9/2022,15,22.2,19,10,,,,40,80.1,0.4843,38.79243,10.75,2.99,18,1014
601,9/12/2022,5,26.7,24,10,,,,39.6,79.2,0.4843,38.35656,19.75,5.49,13,1015
602,9/12/2022,8,26.7,24,10,,,,39.6,79.2,0.4843,38.35656,19.75,5.49,13,1015
603,9/12/2022,15,26.7,24,10,,,,39.6,79.2,0.4843,38.35656,19.75,5.49,13,1015
604,9/13/2022,5,26.7,15,20,,,,39.8,79.2,0.4843,38.35656,12.5,3.47,14,1012
605,9/13/2022,8,26.7,15,20,,,,39.8,79.2,0.4843,38.35656,12.5,3.47,14,1012
606,9/13/2022,15,26.7,15,20,,,,39.8,79.2,0.4843,38.35656,12.5,3.47,14,1012
607,9/14/2022,5,31.3,26,16,,,,39.6,79.2,0.4843,38.35656,15.5,4.31,17,1006
608,9/14/2022,8,31.3,26,16,,,,39.6,79.2,0.4843,38.35656,15.5,4.31,17,1006
609,9/14/2022,15,31.3,26,16,,,,39.6,79.2,0.4843,38.35656,15.5,4.31,17,1006
610,9/15/2022,5,31.3,14,28,,,,39.6,79.2,0.4843,38.35656,16.5,4.58,16,1004
611,9/15/2022,8,31.3,14,28,,,,39.6,79.2,0.4843,38.35656,16.5,4.58,16,1004
612,9/15/2022,15,31.3,14,28,,,,39.6,79.2,0.4843,38.35656,16.5,4.58,16,1004
613,9/16/2022,5,35.8,33,11,,,,39.8,79.2,0.4843,38.35656,20,5.56,14,1007
614,9/16/2022,8,35.8,33,11,,,,39.8,79.2,0.4843,38.35656,20,5.56,14,1007
615,9/16/2022,15,35.8,33,11,,,,39.8,79.2,0.4843,38.35656,20,5.56,14,1007
616,9/19/2022,5,35.8,19,28,,,,39.6,79.2,0.4843,38.35656,19.25,5.35,10,1011
617,9/19/2022,8,35.8,19,28,,,,39.6,79.2,0.4843,38.35656,19.25,5.35,10,1011
618,9/19/2022,15,35.8,19,28,,,,39.6,79.2,0.4843,38.35656,19.25,5.35,10,1011
619,9/20/2022,1,40.3,21,32,,,,40,80.1,0.4843,38.79243,18,5,10,1017
620,9/20/2022,5,40.3,21,32,,,,40,80.1,0.4843,38.79243,18,5,10,1017
621,9/20/2022,8,40.3,21,32,,,,40,80.1,0.4843,38.79243,18,5,10,1017
622,9/21/2022,5,44.8,37,21,,,,39.6,79.2,0.4843,38.35656,16.75,4.65,9,1022
623,9/21/2022,8,44.8,37,21,,,,39.6,79.2,0.4843,38.35656,16.75,4.65,9,1022
624,9/21/2022,15,44.8,37,21,,,,39.6,79.2,0.4843,38.35656,16.75,4.65,9,1022
625,9/22/2022,1,44.8,26,34,,,,39.8,79.2,0.4843,38.35656,10.75,2.99,8,1022
626,9/22/2022,5,44.8,26,34,,,,39.8,79.2,0.4843,38.35656,10.75,2.99,8,1022
627,9/22/2022,8,44.8,26,34,,,,39.8,79.2,0.4843,38.35656,10.75,2.99,8,1022
628,9/23/2022,1,49.3,36,32,,,,39.6,79.2,0.4843,38.35656,8,2.22,10,1020
629,9/23/2022,5,49.3,36,32,,,,39.6,79.2,0.4843,38.35656,8,2.22,10,1020
630,9/23/2022,8,49.3,36,32,,,,39.6,79.2,0.4843,38.35656,8,2.22,10,1020
631,9/26/2022,1,53.8,47,24,,,,40,80.1,0.4843,38.79243,5.5,1.53,10,1007
632,9/26/2022,5,53.8,47,24,,,,40,80.1,0.4843,38.79243,5.5,1.53,10,1007
633,9/26/2022,8,53.8,47,24,,,,40,80.1,0.4843,38.79243,5.5,1.53,10,1007
634,9/27/2022,5,58.3,55,18,,,,40,80.1,0.4843,38.79243,14.25,3.96,12,1000
635,9/27/2022,8,58.3,55,18,,,,40,80.1,0.4843,38.79243,14.25,3.96,12,1000
636,9/27/2022,15,58.3,55,18,,,,40,80.1,0.4843,38.79243,14.25,3.96,12,1000
637,9/28/2022,1,58.3,32,46,,,,39.6,79.2,0.4843,38.35656,19.5,5.42,12,1000
638,9/28/2022,5,58.3,32,46,,,,39.6,79.2,0.4843,38.35656,19.5,5.42,12,1000
639,9/28/2022,5,58.3,32,46,,,,39.6,79.2,0.4843,38.35656,19.5,5.42,12,1000
640,9/29/2022,1,62.8,58,20,,,,39.8,79.2,0.4843,38.35656,8.5,2.36,12,1005
641,9/29/2022,5,62.8,58,20,,,,39.8,79.2,0.4843,38.35656,8.5,2.36,12,1005
642,9/29/2022,8,62.8,58,20,,,,39.8,79.2,0.4843,38.35656,8.5,2.36,12,1005
643,9/30/2022,1,62.8,45,42,,,,39.6,79.2,0.4843,38.35656,9,2.5,11,1012
644,9/30/2022,5,62.8,45,42,,,,39.6,79.2,0.4843,38.35656,9,2.5,11,1012
645,9/30/2022,5,62.8,45,42,,,,39.6,79.2,0.4843,38.35656,9,2.5,11,1012
646,10/3/2022,1,67.3,60,29,,,,40,80.1,0.4843,38.79243,32.25,8.96,10,1015
647,10/3/2022,5,67.3,60,29,,,,40,80.1,0.4843,38.79243,32.25,8.96,10,1015
648,10/3/2022,8,67.3,60,29,,,,40,80.1,0.4843,38.79243,32.25,8.96,10,1015
649,10/4/2022,1,67.3,33,56,,,,39.6,79.2,0.4843,38.35656,19.5,5.42,10,1021
650,10/4/2022,1,67.3,33,56,,,,39.6,79.2,0.4843,38.35656,19.5,5.42,10,1021
651,10/4/2022,1,67.3,33,56,,,,39.6,79.2,0.4843,38.35656,19.5,5.42,10,1021
652,10/5/2022,5,72,68,21,,,,39.8,79.2,0.4843,38.35656,11.75,3.26,11,1023
653,10/5/2022,8,72,68,21,,,,39.8,79.2,0.4843,38.35656,11.75,3.26,11,1023
654,10/5/2022,15,72,68,21,,,,39.8,79.2,0.4843,38.35656,11.75,3.26,11,1023
655,10/6/2022,1,72,65,29,,,,39.6,79.2,0.4843,38.35656,19.75,5.49,14,1027
656,10/6/2022,5,72,65,29,,,,39.6,79.2,0.4843,38.35656,19.75,5.49,14,1027
657,10/6/2022,5,72,65,29,,,,39.6,79.2,0.4843,38.35656,19.75,5.49,14,1027
658,10/7/2022,1,72,53,46,,,,39.6,79.2,0.4843,38.35656,9.5,2.64,14,1026
659,10/7/2022,1,72,53,46,,,,39.6,79.2,0.4843,38.35656,9.5,2.64,14,1026
660,10/7/2022,1,72,53,46,,,,39.6,79.2,0.4843,38.35656,9.5,2.64,14,1026
661,10/10/2022,1,72,40,57,,,,39.8,79.2,0.4843,38.35656,10.5,2.92,10,1023
662,10/10/2022,1,72,40,57,,,,39.8,79.2,0.4843,38.35656,10.5,2.92,10,1023
663,10/10/2022,1,72,40,57,,,,39.8,79.2,0.4843,38.35656,10.5,2.92,10,1023
664,10/11/2022,1,72,32,62,,,,39.6,79.2,0.4843,38.35656,13.5,3.75,12,1024
665,10/11/2022,1,72,32,62,,,,39.6,79.2,0.4843,38.35656,13.5,3.75,12,1024
666,10/11/2022,1,72,32,62,,,,39.6,79.2,0.4843,38.35656,13.5,3.75,12,1024
667,10/12/2022,15,13.2,12,3,,,,40,80.1,0.4843,38.79243,8.5,2.36,9,1026
668,10/12/2022,25,13.2,12,3,,,,40,80.1,0.4843,38.79243,8.5,2.36,9,1026
669,10/12/2022,40,13.2,12,3,,,,40,80.1,0.4843,38.79243,8.5,2.36,9,1026
670,10/13/2022,15,13.2,9,7,,,,39.6,79.2,0.4843,38.35656,7.25,2.01,9,1023
671,10/13/2022,25,13.2,9,7,,,,39.6,79.2,0.4843,38.35656,7.25,2.01,9,1023
672,10/13/2022,40,13.2,9,7,,,,39.6,79.2,0.4843,38.35656,7.25,2.01,9,1023
673,10/14/2022,15,13.2,5,10,,,,39.8,79.2,0.4843,38.35656,5.5,1.53,12,1018
674,10/14/2022,25,13.2,5,10,,,,39.8,79.2,0.4843,38.35656,5.5,1.53,12,1018
675,10/14/2022,40,13.2,5,10,,,,39.8,79.2,0.4843,38.35656,5.5,1.53,12,1018
676,10/17/2022,15,17.7,17,4,,,,39.6,79.2,0.4843,38.35656,6.75,1.88,15,1028
677,10/17/2022,25,17.7,17,4,,,,39.6,79.2,0.4843,38.35656,6.75,1.88,15,1028
678,10/17/2022,40,17.7,17,4,,,,39.6,79.2,0.4843,38.35656,6.75,1.88,15,1028
679,10/18/2022,15,17.7,15,8,,,,40,80.1,0.4843,38.79243,18.25,5.07,15,1024
680,10/18/2022,25,17.7,15,8,,,,40,80.1,0.4843,38.79243,18.25,5.07,15,1024
681,10/18/2022,40,17.7,15,8,,,,40,80.1,0.4843,38.79243,18.25,5.07,15,1024
682,10/19/2022,15,22.2,20,4,,,,39.6,79.2,0.4843,38.35656,22.5,6.25,10,1024
683,10/19/2022,25,22.2,20,4,,,,39.6,79.2,0.4843,38.35656,22.5,6.25,10,1024
684,10/19/2022,40,22.2,20,4,,,,39.6,79.2,0.4843,38.35656,22.5,6.25,10,1024
685,10/20/2022,15,22.2,19,10,,,,39.8,79.2,0.4843,38.35656,14,3.89,8,1027
686,10/20/2022,25,22.2,19,10,,,,39.8,79.2,0.4843,38.35656,14,3.89,8,1027
687,10/20/2022,40,22.2,19,10,,,,39.8,79.2,0.4843,38.35656,14,3.89,8,1027
688,10/21/2022,15,26.7,26,4,,,,39.6,79.2,0.4843,38.35656,8.75,2.43,8,1018
689,10/21/2022,25,26.7,26,4,,,,39.6,79.2,0.4843,38.35656,8.75,2.43,8,1018
690,10/21/2022,40,26.7,26,4,,,,39.6,79.2,0.4843,38.35656,8.75,2.43,8,1018
691,10/24/2022,15,26.7,23,11,,,,40,80.1,0.4843,38.79243,9,2.5,14,1015
692,10/24/2022,25,26.7,23,11,,,,40,80.1,0.4843,38.79243,9,2.5,14,1015
693,10/24/2022,40,26.7,23,11,,,,40,80.1,0.4843,38.79243,9,2.5,14,1015
694,10/25/2022,15,31.3,30,5,,,,40,80.1,0.4843,38.79243,21.5,5.97,14,1017
695,10/25/2022,25,31.3,30,5,,,,40,80.1,0.4843,38.79243,21.5,5.97,14,1017
696,10/25/2022,40,31.3,30,5,,,,40,80.1,0.4843,38.79243,21.5,5.97,14,1017
697,10/26/2022,15,31.3,29,10,,,,39.6,79.2,0.4843,38.35656,9,2.5,12,1021
698,10/26/2022,25,31.3,29,10,,,,39.6,79.2,0.4843,38.35656,9,2.5,12,1021
699,10/26/2022,40,31.3,29,10,,,,39.6,79.2,0.4843,38.35656,9,2.5,12,1021
700,10/27/2022,15,35.8,36,5,,,,39.8,79.2,0.4843,38.35656,8.5,2.36,12,1028
701,10/27/2022,25,35.8,36,5,,,,39.8,79.2,0.4843,38.35656,8.5,2.36,12,1028
702,10/27/2022,40,35.8,36,5,,,,39.8,79.2,0.4843,38.35656,8.5,2.36,12,1028
703,10/28/2022,15,35.8,33,11,,,,39.6,79.2,0.4843,38.35656,12.5,3.47,14,1025
704,10/28/2022,25,35.8,33,11,,,,39.6,79.2,0.4843,38.35656,12.5,3.47,14,1025
705,10/28/2022,40,35.8,33,11,,,,39.6,79.2,0.4843,38.35656,12.5,3.47,14,1025
706,10/31/2022,15,40.3,39,7,,,,40,80.1,0.4843,38.79243,7.5,2.08,15,1021
707,10/31/2022,25,40.3,39,7,,,,40,80.1,0.4843,38.79243,7.5,2.08,15,1021
708,10/31/2022,40,40.3,39,7,,,,40,80.1,0.4843,38.79243,7.5,2.08,15,1021
709,12/1/2022,5,13.2,12,3,,,,39.6,79.2,0.4843,38.35656,18.5,5.14,0,1027
710,12/1/2022,8,13.2,12,3,,,,39.6,79.2,0.4843,38.35656,18.5,5.14,0,1027
711,12/1/2022,15,13.2,12,3,,,,39.6,79.2,0.4843,38.35656,18.5,5.14,0,1027
712,12/2/2022,5,13.2,5,10,,,,39.8,79.2,0.4843,38.35656,15.25,4.24,-1,1025
713,12/2/2022,8,13.2,5,10,,,,39.8,79.2,0.4843,38.35656,15.25,4.24,-1,1025
714,12/2/2022,15,13.2,5,10,,,,39.8,79.2,0.4843,38.35656,15.25,4.24,-1,1025
715,12/5/2022,5,17.7,17,4,,,,39.6,79.2,0.4843,38.35656,6,1.67,2,1020
716,12/5/2022,8,17.7,17,4,,,,39.6,79.2,0.4843,38.35656,6,1.67,2,1020
717,12/5/2022,15,17.7,17,4,,,,39.6,79.2,0.4843,38.35656,6,1.67,2,1020
718,12/6/2022,5,17.7,8,14,,,,40,80.1,0.4843,38.79243,19,5.28,3,1013
719,12/6/2022,8,17.7,8,14,,,,40,80.1,0.4843,38.79243,19,5.28,3,1013
720,12/6/2022,15,17.7,8,14,,,,40,80.1,0.4843,38.79243,19,5.28,3,1013
721,12/7/2022,5,22.2,20,4,,,,39.6,79.2,0.4843,38.35656,22.75,6.32,3,1011
722,12/7/2022,8,22.2,20,4,,,,39.6,79.2,0.4843,38.35656,22.75,6.32,3,1011
723,12/7/2022,15,22.2,20,4,,,,39.6,79.2,0.4843,38.35656,22.75,6.32,3,1011
724,12/8/2022,5,22.2,9,19,,,,39.8,79.2,0.4843,38.35656,13.75,3.82,2,1012
725,12/8/2022,8,22.2,9,19,,,,39.8,79.2,0.4843,38.35656,13.75,3.82,2,1012
726,12/8/2022,15,22.2,9,19,,,,39.8,79.2,0.4843,38.35656,13.75,3.82,2,1012
727,12/9/2022,5,26.7,26,4,,,,39.6,79.2,0.4843,38.35656,13.75,3.82,1,1007
728,12/9/2022,8,26.7,26,4,,,,39.6,79.2,0.4843,38.35656,13.75,3.82,1,1007
729,12/9/2022,15,26.7,26,4,,,,39.6,79.2,0.4843,38.35656,13.75,3.82,1,1007
730,12/12/2022,5,26.7,4,24,,,,40,80.1,0.4843,38.79243,19.25,5.35,-3,1005
731,12/12/2022,8,26.7,4,24,,,,40,80.1,0.4843,38.79243,19.25,5.35,-3,1005
732,12/12/2022,15,26.7,4,24,,,,40,80.1,0.4843,38.79243,19.25,5.35,-3,1005
733,12/13/2022,5,31.3,30,5,,,,40,80.1,0.4843,38.79243,17.75,4.93,-8,1014
734,12/13/2022,8,31.3,30,5,,,,40,80.1,0.4843,38.79243,17.75,4.93,-8,1014
735,12/13/2022,15,31.3,30,5,,,,40,80.1,0.4843,38.79243,17.75,4.93,-8,1014
736,12/14/2022,5,31.3,8,28,,,,39.6,79.2,0.4843,38.35656,6.5,1.81,-7,1009
737,12/14/2022,8,31.3,8,28,,,,39.6,79.2,0.4843,38.35656,6.5,1.81,-7,1009
738,12/14/2022,15,31.3,8,28,,,,39.6,79.2,0.4843,38.35656,6.5,1.81,-7,1009
739,12/15/2022,5,35.8,36,5,,,,39.8,79.2,0.4843,38.35656,10.5,2.92,-2,1011
740,12/15/2022,8,35.8,36,5,,,,39.8,79.2,0.4843,38.35656,10.5,2.92,-2,1011
741,12/15/2022,15,35.8,36,5,,,,39.8,79.2,0.4843,38.35656,10.5,2.92,-2,1011
742,12/16/2022,5,35.8,25,24,,,,39.6,79.2,0.4843,38.35656,13.5,3.75,-1,1007
743,12/16/2022,8,35.8,25,24,,,,39.6,79.2,0.4843,38.35656,13.5,3.75,-1,1007
744,12/16/2022,15,35.8,25,24,,,,39.6,79.2,0.4843,38.35656,13.5,3.75,-1,1007
745,12/19/2022,5,35.8,10,32,,,,40,80.1,0.4843,38.79243,4.75,1.32,-8,1034
746,12/19/2022,8,35.8,10,32,,,,40,80.1,0.4843,38.79243,4.75,1.32,-8,1034
747,12/19/2022,15,35.8,10,32,,,,40,80.1,0.4843,38.79243,4.75,1.32,-8,1034
748,12/20/2022,5,40.3,39,7,,,,39.6,79.2,0.4843,38.35656,8,2.22,-2,1025
749,12/20/2022,8,40.3,39,7,,,,39.6,79.2,0.4843,38.35656,8,2.22,-2,1025
750,12/20/2022,15,40.3,39,7,,,,39.6,79.2,0.4843,38.35656,8,2.22,-2,1025
751,12/21/2022,5,40.3,32,22,,,,39.8,79.2,0.4843,38.35656,9,2.5,-1,1017
752,12/21/2022,8,40.3,32,22,,,,39.8,79.2,0.4843,38.35656,9,2.5,-1,1017
753,12/21/2022,15,40.3,32,22,,,,39.8,79.2,0.4843,38.35656,9,2.5,-1,1017
754,12/22/2022,1,40.3,13,36,,,,39.6,79.2,0.4843,38.35656,14,3.89,3,1011
755,12/22/2022,5,40.3,13,36,,,,39.6,79.2,0.4843,38.35656,14,3.89,3,1011
756,12/22/2022,8,40.3,13,36,,,,39.6,79.2,0.4843,38.35656,14,3.89,3,1011
757,12/23/2022,5,44.8,43,7,,,,40,80.1,0.4843,38.79243,12.5,3.47,3,1008
758,12/23/2022,8,44.8,43,7,,,,40,80.1,0.4843,38.79243,12.5,3.47,3,1008
759,12/23/2022,15,44.8,43,7,,,,40,80.1,0.4843,38.79243,12.5,3.47,3,1008
760,12/27/2022,1,44.8,15,40,,,,40,80.1,0.4843,38.79243,31,8.61,5,1024
761,12/27/2022,5,44.8,15,40,,,,40,80.1,0.4843,38.79243,31,8.61,5,1024
762,12/27/2022,8,44.8,15,40,,,,40,80.1,0.4843,38.79243,31,8.61,5,1024
763,12/28/2022,5,49.3,47,9,,,,39.6,79.2,0.4843,38.35656,13.75,3.82,2,1022
764,12/28/2022,8,49.3,47,9,,,,39.6,79.2,0.4843,38.35656,13.75,3.82,2,1022
765,12/28/2022,15,49.3,47,9,,,,39.6,79.2,0.4843,38.35656,13.75,3.82,2,1022
766,12/29/2022,5,49.3,42,24,,,,39.8,79.2,0.4843,38.35656,10.75,2.99,4,1015
767,12/29/2022,8,49.3,42,24,,,,39.8,79.2,0.4843,38.35656,10.75,2.99,4,1015
768,12/29/2022,15,49.3,42,24,,,,39.8,79.2,0.4843,38.35656,10.75,2.99,4,1015
769,12/30/2022,1,49.3,28,42,,,,39.6,79.2,0.4843,38.35656,9.5,2.64,5,1019
770,12/30/2022,5,49.3,28,42,,,,39.6,79.2,0.4843,38.35656,9.5,2.64,5,1019
771,12/30/2022,8,49.3,28,42,,,,39.6,79.2,0.4843,38.35656,9.5,2.64,5,1019
772,1/1/2023,1,49.3,11,46,,,,40,80.1,0.4843,38.79243,11.5,3.19,10,1023
773,1/1/2023,5,49.3,11,46,,,,40,80.1,0.4843,38.79243,11.5,3.19,10,1023
774,1/1/2023,5,49.3,11,46,,,,40,80.1,0.4843,38.79243,11.5,3.19,10,1023
775,1/2/2023,5,53.8,51,10,,,,39.6,79.2,0.4843,38.35656,13,3.61,8,1022
776,1/2/2023,8,53.8,51,10,,,,39.6,79.2,0.4843,38.35656,13,3.61,8,1022
777,1/2/2023,15,53.8,51,10,,,,39.6,79.2,0.4843,38.35656,13,3.61,8,1022
778,1/3/2023,1,53.8,36,38,,,,39.8,79.2,0.4843,38.35656,13.25,3.68,6,1028
779,1/3/2023,5,53.8,36,38,,,,39.8,79.2,0.4843,38.35656,13.25,3.68,6,1028
780,1/3/2023,8,53.8,36,38,,,,39.8,79.2,0.4843,38.35656,13.25,3.68,6,1028
781,1/4/2023,1,53.8,19,48,,,,39.6,79.2,0.4843,38.35656,35,9.72,5,1025
782,1/4/2023,5,53.8,19,48,,,,39.6,79.2,0.4843,38.35656,35,9.72,5,1025
783,1/4/2023,5,53.8,19,48,,,,39.6,79.2,0.4843,38.35656,35,9.72,5,1025
784,1/5/2023,5,58.3,57,11,,,,39.6,79.2,0.4843,38.35656,39.75,11.04,7,1010
785,1/5/2023,8,58.3,57,11,,,,39.6,79.2,0.4843,38.35656,39.75,11.04,7,1010
786,1/5/2023,15,58.3,57,11,,,,39.6,79.2,0.4843,38.35656,39.75,11.04,7,1010
787,1/6/2023,1,58.3,46,34,,,,39.8,79.2,0.4843,38.35656,23.25,6.46,6,1023
788,1/6/2023,5,58.3,46,34,,,,39.8,79.2,0.4843,38.35656,23.25,6.46,6,1023
789,1/6/2023,8,58.3,46,34,,,,39.8,79.2,0.4843,38.35656,23.25,6.46,6,1023
790,1/7/2023,1,58.3,21,52,,,,39.6,79.2,0.4843,38.35656,17.5,4.86,5,1021
791,1/7/2023,1,58.3,21,52,,,,39.6,79.2,0.4843,38.35656,17.5,4.86,5,1021
792,1/7/2023,1,58.3,21,52,,,,39.6,79.2,0.4843,38.35656,17.5,4.86,5,1021
793,1/8/2023,5,62.8,61,12,,,,40,80.1,0.4843,38.79243,7.25,2.01,5,1013
794,1/8/2023,8,62.8,61,12,,,,40,80.1,0.4843,38.79243,7.25,2.01,5,1013
795,1/8/2023,15,62.8,61,12,,,,40,80.1,0.4843,38.79243,7.25,2.01,5,1013
796,1/9/2023,1,62.8,56,27,,,,39.6,79.2,0.4843,38.35656,11.5,3.19,6,1004
797,1/9/2023,5,62.8,56,27,,,,39.6,79.2,0.4843,38.35656,11.5,3.19,6,1004
798,1/9/2023,8,62.8,56,27,,,,39.6,79.2,0.4843,38.35656,11.5,3.19,6,1004
799,1/10/2023,1,62.8,38,48,,,,39.8,79.2,0.4843,38.35656,15.75,4.38,5,1016
800,1/10/2023,5,62.8,38,48,,,,39.8,79.2,0.4843,38.35656,15.75,4.38,5,1016
801,1/10/2023,5,62.8,38,48,,,,39.8,79.2,0.4843,38.35656,15.75,4.38,5,1016
802,1/11/2023,1,62.8,18,57,,,,39.6,79.2,0.4843,38.35656,10.75,2.99,4,1019
803,1/11/2023,1,62.8,18,57,,,,39.6,79.2,0.4843,38.35656,10.75,2.99,4,1019
804,1/11/2023,1,62.8,18,57,,,,39.6,79.2,0.4843,38.35656,10.75,2.99,4,1019
805,1/12/2023,1,67.3,65,14,,,,40,80.1,0.4843,38.79243,14.5,4.03,6,1019
806,1/12/2023,5,67.3,65,14,,,,40,80.1,0.4843,38.79243,14.5,4.03,6,1019
807,1/12/2023,8,67.3,65,14,,,,40,80.1,0.4843,38.79243,14.5,4.03,6,1019
808,1/13/2023,1,67.3,49,44,,,,40,80.1,0.4843,38.79243,22.25,6.18,8,1014
809,1/13/2023,5,67.3,49,44,,,,40,80.1,0.4843,38.79243,22.25,6.18,8,1014
810,1/13/2023,5,67.3,49,44,,,,40,80.1,0.4843,38.79243,22.25,6.18,8,1014
811,1/14/2023,1,67.3,21,62,,,,39.6,79.2,0.4843,38.35656,18,5,5,1020
812,1/14/2023,1,67.3,21,62,,,,39.6,79.2,0.4843,38.35656,18,5,5,1020
813,1/14/2023,1,67.3,21,62,,,,39.6,79.2,0.4843,38.35656,18,5,5,1020
814,1/15/2023,1,72,71,14,,,,39.8,79.2,0.4843,38.35656,19.75,5.49,6,1007
815,1/15/2023,5,72,71,14,,,,39.8,79.2,0.4843,38.35656,19.75,5.49,6,1007
816,1/15/2023,8,72,71,14,,,,39.8,79.2,0.4843,38.35656,19.75,5.49,6,1007
817,1/16/2023,1,72,60,38,,,,39.6,79.2,0.4843,38.35656,13.75,3.82,3,1001
818,1/16/2023,1,72,60,38,,,,39.6,79.2,0.4843,38.35656,13.75,3.82,3,1001
819,1/16/2023,1,72,60,38,,,,39.6,79.2,0.4843,38.35656,13.75,3.82,3,1001
820,1/17/2023,1,72,48,52,,,,40,80.1,0.4843,38.79243,9.5,2.64,3,992
821,1/17/2023,1,72,48,52,,,,40,80.1,0.4843,38.79243,9.5,2.64,3,992
822,1/17/2023,1,72,48,52,,,,40,80.1,0.4843,38.79243,9.5,2.64,3,992
823,1/18/2023,1,72,23,67,,,,39.6,79.2,0.4843,38.35656,18.5,5.14,2,991
824,1/18/2023,1,72,23,67,,,,39.6,79.2,0.4843,38.35656,18.5,5.14,2,991
825,1/18/2023,1,72,23,67,,,,39.6,79.2,0.4843,38.35656,18.5,5.14,2,991
826,1/19/2023,5,13.2,9,7,,,,39.8,79.2,0.4843,38.35656,5.5,1.53,2,1005
827,1/19/2023,8,13.2,9,7,,,,39.8,79.2,0.4843,38.35656,5.5,1.53,2,1005
828,1/19/2023,15,13.2,9,7,,,,39.8,79.2,0.4843,38.35656,5.5,1.53,2,1005
829,1/20/2023,5,17.7,15,8,,,,39.6,79.2,0.4843,38.35656,10,2.78,1,1012
830,1/20/2023,8,17.7,15,8,,,,39.6,79.2,0.4843,38.35656,10,2.78,1,1012
831,1/20/2023,15,17.7,15,8,,,,39.6,79.2,0.4843,38.35656,10,2.78,1,1012
832,1/21/2023,5,22.2,19,10,,,,39.6,79.2,0.4843,38.35656,17.75,4.93,-2,1010
833,1/21/2023,8,22.2,19,10,,,,39.6,79.2,0.4843,38.35656,17.75,4.93,-2,1010
834,1/21/2023,15,22.2,19,10,,,,39.6,79.2,0.4843,38.35656,17.75,4.93,-2,1010
835,1/22/2023,5,26.7,24,10,,,,39.8,79.2,0.4843,38.35656,3.25,0.9,-5,1024
836,1/22/2023,8,26.7,24,10,,,,39.8,79.2,0.4843,38.35656,3.25,0.9,-5,1024
837,1/22/2023,15,26.7,24,10,,,,39.8,79.2,0.4843,38.35656,3.25,0.9,-5,1024
838,1/23/2023,5,26.7,15,20,,,,39.6,79.2,0.4843,38.35656,10.25,2.85,-4,1029
839,1/23/2023,8,26.7,15,20,,,,39.6,79.2,0.4843,38.35656,10.25,2.85,-4,1029
840,1/23/2023,15,26.7,15,20,,,,39.6,79.2,0.4843,38.35656,10.25,2.85,-4,1029
841,1/24/2023,5,31.3,26,16,,,,40,80.1,0.4843,38.79243,14,3.89,0,1034
842,1/24/2023,8,31.3,26,16,,,,40,80.1,0.4843,38.79243,14,3.89,0,1034
843,1/24/2023,15,31.3,26,16,,,,40,80.1,0.4843,38.79243,14,3.89,0,1034
844,1/25/2023,5,31.3,14,28,,,,39.6,79.2,0.4843,38.35656,11,3.06,-1,1033
845,1/25/2023,8,31.3,14,28,,,,39.6,79.2,0.4843,38.35656,11,3.06,-1,1033
846,1/25/2023,15,31.3,14,28,,,,39.6,79.2,0.4843,38.35656,11,3.06,-1,1033
847,1/26/2023,5,35.8,33,11,,,,39.8,79.2,0.4843,38.35656,11,3.06,0,1028
848,1/26/2023,8,35.8,33,11,,,,39.8,79.2,0.4843,38.35656,11,3.06,0,1028
849,1/26/2023,15,35.8,33,11,,,,39.8,79.2,0.4843,38.35656,11,3.06,0,1028
850,1/27/2023,5,13.2,9,7,,,,39.6,79.2,0.4843,38.35656,19,5.28,-4,1037
851,1/27/2023,8,13.2,9,7,,,,39.6,79.2,0.4843,38.35656,19,5.28,-4,1037
852,1/27/2023,15,13.2,9,7,,,,39.6,79.2,0.4843,38.35656,19,5.28,-4,1037
853,1/28/2023,5,17.7,15,8,,,,40,80.1,0.4843,38.79243,13,3.61,-7,1037
854,1/28/2023,8,17.7,15,8,,,,40,80.1,0.4843,38.79243,13,3.61,-7,1037
855,1/28/2023,15,17.7,15,8,,,,40,80.1,0.4843,38.79243,13,3.61,-7,1037
856,1/29/2023,5,22.2,19,10,,,,39.6,79.2,0.4843,38.35656,27,7.5,-1,1020
857,1/29/2023,8,22.2,19,10,,,,39.6,79.2,0.4843,38.35656,27,7.5,-1,1020
858,1/29/2023,15,22.2,19,10,,,,39.6,79.2,0.4843,38.35656,27,7.5,-1,1020
859,1/30/2023,5,26.7,24,10,,,,39.8,79.2,0.4843,38.35656,22,6.11,-4,1019
860,1/30/2023,8,26.7,24,10,,,,39.8,79.2,0.4843,38.35656,22,6.11,-4,1019
861,1/30/2023,15,26.7,24,10,,,,39.8,79.2,0.4843,38.35656,22,6.11,-4,1019
862,1/31/2023,5,26.7,15,20,,,,39.6,79.2,0.4843,38.35656,40,11.11,-3,1014
863,1/31/2023,8,26.7,15,20,,,,39.6,79.2,0.4843,38.35656,40,11.11,-3,1014
864,1/31/2023,15,26.7,15,20,,,,39.6,79.2,0.4843,38.35656,40,11.11,-3,1014
865,2/1/2023,5,31.3,26,16,,,,40,80.1,0.4843,38.79243,29,8.06,2,1011
866,2/1/2023,8,31.3,26,16,,,,40,80.1,0.4843,38.79243,29,8.06,2,1011
867,2/1/2023,15,31.3,26,16,,,,40,80.1,0.4843,38.79243,29,8.06,2,1011
868,2/2/2023,5,31.3,14,28,,,,40,80.1,0.4843,38.79243,31,8.61,2,1011
869,2/2/2023,8,31.3,14,28,,,,40,80.1,0.4843,38.79243,31,8.61,2,1011
870,2/2/2023,15,31.3,14,28,,,,40,80.1,0.4843,38.79243,31,8.61,2,1011
871,2/3/2023,5,35.8,33,11,,,,39.6,79.2,0.4843,38.35656,28,7.78,1,1016
872,2/3/2023,8,35.8,33,11,,,,39.6,79.2,0.4843,38.35656,28,7.78,1,1016
873,2/3/2023,15,35.8,33,11,,,,39.6,79.2,0.4843,38.35656,28,7.78,1,1016
874,2/4/2023,5,35.8,19,28,,,,39.8,79.2,0.4843,38.35656,31,8.61,0,1027
875,2/4/2023,8,35.8,19,28,,,,39.8,79.2,0.4843,38.35656,31,8.61,0,1027
876,2/4/2023,15,35.8,19,28,,,,39.8,79.2,0.4843,38.35656,31,8.61,0,1027
877,2/5/2023,1,40.3,21,32,,,,39.6,79.2,0.4843,38.35656,13,3.61,-5,1037
878,2/5/2023,5,40.3,21,32,,,,39.6,79.2,0.4843,38.35656,13,3.61,-5,1037
879,2/5/2023,8,40.3,21,32,,,,39.6,79.2,0.4843,38.35656,13,3.61,-5,1037
880,2/6/2023,5,44.8,37,21,,,,40,80.1,0.4843,38.79243,5,1.39,-6,1039
881,2/6/2023,8,44.8,37,21,,,,40,80.1,0.4843,38.79243,5,1.39,-6,1039
882,2/6/2023,15,44.8,37,21,,,,40,80.1,0.4843,38.79243,5,1.39,-6,1039
883,2/7/2023,1,44.8,26,34,,,,39.6,79.2,0.4843,38.35656,7,1.94,-6,1041
884,2/7/2023,5,44.8,26,34,,,,39.6,79.2,0.4843,38.35656,7,1.94,-6,1041
885,2/7/2023,8,44.8,26,34,,,,39.6,79.2,0.4843,38.35656,7,1.94,-6,1041
886,2/8/2023,1,49.3,36,32,,,,39.8,79.2,0.4843,38.35656,12,3.33,-5,1045
887,2/8/2023,5,49.3,36,32,,,,39.8,79.2,0.4843,38.35656,12,3.33,-5,1045
888,2/8/2023,8,49.3,36,32,,,,39.8,79.2,0.4843,38.35656,12,3.33,-5,1045
889,2/9/2023,1,53.8,47,24,,,,39.6,79.2,0.4843,38.35656,6,1.67,-6,1038
890,2/9/2023,5,53.8,47,24,,,,39.6,79.2,0.4843,38.35656,6,1.67,-6,1038
891,2/9/2023,8,53.8,47,24,,,,39.6,79.2,0.4843,38.35656,6,1.67,-6,1038
892,2/10/2023,5,58.3,55,18,,,,40,80.1,0.4843,38.79243,16,4.44,-2,1035
893,2/10/2023,8,58.3,55,18,,,,40,80.1,0.4843,38.79243,16,4.44,-2,1035
894,2/10/2023,15,58.3,55,18,,,,40,80.1,0.4843,38.79243,16,4.44,-2,1035
895,2/11/2023,1,58.3,32,46,,,,39.6,79.2,0.4843,38.35656,25,6.94,-1,1028
896,2/11/2023,5,58.3,32,46,,,,39.6,79.2,0.4843,38.35656,25,6.94,-1,1028
897,2/11/2023,5,58.3,32,46,,,,39.6,79.2,0.4843,38.35656,25,6.94,-1,1028
898,2/12/2023,1,62.8,58,20,,,,39.8,79.2,0.4843,38.35656,15,4.17,1,1038
899,2/12/2023,5,62.8,58,20,,,,39.8,79.2,0.4843,38.35656,15,4.17,1,1038
900,2/12/2023,8,62.8,58,20,,,,39.8,79.2,0.4843,38.35656,15,4.17,1,1038
901,2/13/2023,1,62.8,45,42,,,,39.6,79.2,0.4843,38.35656,17,4.72,3,1036
902,2/13/2023,5,62.8,45,42,,,,39.6,79.2,0.4843,38.35656,17,4.72,3,1036
903,2/13/2023,5,62.8,45,42,,,,39.6,79.2,0.4843,38.35656,17,4.72,3,1036
904,2/14/2023,1,67.3,60,29,,,,40,80.1,0.4843,38.79243,14,3.89,3,1036
905,2/14/2023,5,67.3,60,29,,,,40,80.1,0.4843,38.79243,14,3.89,3,1036
906,2/14/2023,8,67.3,60,29,,,,40,80.1,0.4843,38.79243,14,3.89,3,1036
907,2/15/2023,1,67.3,33,56,,,,40,80.1,0.4843,38.79243,7,1.94,2,1031
908,2/15/2023,1,67.3,33,56,,,,40,80.1,0.4843,38.79243,7,1.94,2,1031
909,2/15/2023,1,67.3,33,56,,,,40,80.1,0.4843,38.79243,7,1.94,2,1031
910,2/16/2023,5,72,68,21,,,,39.6,79.2,0.4843,38.35656,15,4.17,3,1025
911,2/16/2023,8,72,68,21,,,,39.6,79.2,0.4843,38.35656,15,4.17,3,1025
912,2/16/2023,15,72,68,21,,,,39.6,79.2,0.4843,38.35656,15,4.17,3,1025
913,2/17/2023,1,72,65,29,,,,39.8,79.2,0.4843,38.35656,37,10.28,5,1018
914,2/17/2023,5,72,65,29,,,,39.8,79.2,0.4843,38.35656,37,10.28,5,1018
915,2/17/2023,5,72,65,29,,,,39.8,79.2,0.4843,38.35656,37,10.28,5,1018
916,2/18/2023,1,72,53,46,,,,39.6,79.2,0.4843,38.35656,38,10.56,8,1014
917,2/18/2023,1,72,53,46,,,,39.6,79.2,0.4843,38.35656,38,10.56,8,1014
918,2/18/2023,1,72,53,46,,,,39.6,79.2,0.4843,38.35656,38,10.56,8,1014
919,2/19/2023,1,72,40,57,,,,40,80.1,0.4843,38.79243,25,6.94,4,1012
920,2/19/2023,1,72,40,57,,,,40,80.1,0.4843,38.79243,25,6.94,4,1012
921,2/19/2023,1,72,40,57,,,,40,80.1,0.4843,38.79243,25,6.94,4,1012
922,2/20/2023,1,72,32,62,,,,39.6,79.2,0.4843,38.35656,40,11.11,5,1017
923,2/20/2023,1,72,32,62,,,,39.6,79.2,0.4843,38.35656,40,11.11,5,1017
924,2/20/2023,1,72,32,62,,,,39.6,79.2,0.4843,38.35656,40,11.11,5,1017
925,2/21/2023,15,13.2,12,3,,,,39.8,79.2,0.4843,38.35656,33,9.17,8,1011
926,2/21/2023,25,13.2,12,3,,,,39.8,79.2,0.4843,38.35656,33,9.17,8,1011
927,2/21/2023,40,13.2,12,3,,,,39.8,79.2,0.4843,38.35656,33,9.17,8,1011
928,2/22/2023,15,13.2,9,7,,,,39.6,79.2,0.4843,38.35656,10,2.78,3,1018
929,2/22/2023,25,13.2,9,7,,,,39.6,79.2,0.4843,38.35656,10,2.78,3,1018
930,2/22/2023,40,13.2,9,7,,,,39.6,79.2,0.4843,38.35656,10,2.78,3,1018
931,2/23/2023,15,13.2,5,10,,,,40,80.1,0.4843,38.79243,10,2.78,3,1017
932,2/23/2023,25,13.2,5,10,,,,40,80.1,0.4843,38.79243,10,2.78,3,1017
933,2/23/2023,40,13.2,5,10,,,,40,80.1,0.4843,38.79243,10,2.78,3,1017
934,2/24/2023,15,17.7,17,4,,,,40,80.1,0.4843,38.79243,22,6.11,6,1004
935,2/24/2023,25,17.7,17,4,,,,40,80.1,0.4843,38.79243,22,6.11,6,1004
936,2/24/2023,40,17.7,17,4,,,,40,80.1,0.4843,38.79243,22,6.11,6,1004
937,2/25/2023,15,17.7,15,8,,,,39.6,79.2,0.4843,38.35656,32,8.89,4,996
938,2/25/2023,25,17.7,15,8,,,,39.6,79.2,0.4843,38.35656,32,8.89,4,996
939,2/25/2023,40,17.7,15,8,,,,39.6,79.2,0.4843,38.35656,32,8.89,4,996
940,2/26/2023,15,22.2,20,4,,,,39.8,79.2,0.4843,38.35656,15,4.17,0,1014
941,2/26/2023,25,22.2,20,4,,,,39.8,79.2,0.4843,38.35656,15,4.17,0,1014
942,2/26/2023,40,22.2,20,4,,,,39.8,79.2,0.4843,38.35656,15,4.17,0,1014
943,2/27/2023,15,22.2,19,10,,,,39.6,79.2,0.4843,38.35656,13,3.61,1,1026
944,2/27/2023,25,22.2,19,10,,,,39.6,79.2,0.4843,38.35656,13,3.61,1,1026
945,2/27/2023,40,22.2,19,10,,,,39.6,79.2,0.4843,38.35656,13,3.61,1,1026
946,2/28/2023,15,26.7,26,4,,,,40,80.1,0.4843,38.79243,12,3.33,0,1030
947,2/28/2023,25,26.7,26,4,,,,40,80.1,0.4843,38.79243,12,3.33,0,1030
948,2/28/2023,40,26.7,26,4,,,,40,80.1,0.4843,38.79243,12,3.33,0,1030
